year,party_count,speed_limit_kmh,alcohol_indicated,latitude,longitude,km_total,bicycle_parking_count,population,population_density_km2,station_id,weather_temp_mean_c,weather_temp_min_c,weather_temp_max_c,weather_precip_mm_total,weather_wind_mean_ms,weather_sunshine_hours_total,weather_humidity_mean_pct,weather_pressure_mean_hpa,weather_desde_estacion,province_Drenthe,province_Flevoland,province_Friesland,province_Gelderland,province_Groningen,province_Limburg,province_Noord-Brabant,province_Noord-Holland,province_Overijssel,province_Utrecht,province_Zeeland,province_Zuid-Holland,accident_type_Dier,accident_type_Eenzijdig,accident_type_Flank,accident_type_Frontaal,accident_type_Geparkeerd voertuig,accident_type_Kop/staart,accident_type_Los voorwerp,accident_type_Onbekend,accident_type_Vast voorwerp,accident_type_Voetganger,weather_label_clear,weather_label_fog,weather_label_rain,weather_label_unknown,periodo_luz_dia,periodo_luz_noche,periodo_luz_otro,road_situation_Bocht,"road_situation_Kruispunt, 3 takken","road_situation_Kruispunt, 4 takken",road_situation_Rechte weg,"road_situation_Rechte weg, gescheiden rijbanen",road_situation_Rotonde,road_situation_Uitvoegstrook op (auto)snelweg,road_lighting_Brandend,road_lighting_Niet aanwezig,road_lighting_Niet brandend,severity_label
2024,2,50.0,False,52.092078,5.235622,122.457,9.0,66641.0,1374.0,0.0,11.734972677595628,7.98906300225008,15.34095949855352,32605.3,4.629253254167618,55154.1,82.14263902282224,1014.3126766985865,False,0,0,0,0,0,0,0,0,0,1,0,0,0,0,0,0,0,0,0,1,0,0,1,0,0,0,1,0,0,0,0,1,0,0,0,0,0,0,1,injury
2024,1,60.0,False,52.282046,4.48377,105.36,11.0,45734.0,784.0,0.0,11.734972677595628,7.98906300225008,15.34095949855352,32605.3,4.629253254167618,55154.1,82.14263902282224,1014.3126766985865,False,0,0,0,0,0,0,0,0,0,0,0,1,0,0,0,0,0,0,0,1,0,0,1,0,0,0,1,0,0,0,0,0,1,0,0,0,0,0,1,injury
2024,1,30.0,False,51.570227,5.054837,312.985,136.0,229836.0,1826.0,0.0,11.734972677595628,7.98906300225008,15.34095949855352,32605.3,4.629253254167618,55154.1,82.14263902282224,1014.3126766985865,False,0,0,0,0,0,0,1,0,0,0,0,0,0,0,0,0,0,0,0,1,0,0,0,0,0,1,1,0,0,0,0,0,0,0,0,0,0,0,0,material damage only
2024,3,30.0,False,52.494886,4.758465,157.83,33.0,161389.0,2189.0,0.0,11.734972677595628,7.98906300225008,15.34095949855352,32605.3,4.629253254167618,55154.1,82.14263902282224,1014.3126766985865,False,0,0,0,0,0,0,0,1,0,0,0,0,0,0,1,0,0,0,0,0,0,0,1,0,0,0,1,0,0,0,0,0,1,0,0,0,0,0,1,injury
2024,2,50.0,False,52.347671,4.929995,1254.468,2166.0,931298.0,4950.0,0.0,11.734972677595628,7.98906300225008,15.34095949855352,32605.3,4.629253254167618,55154.1,82.14263902282224,1014.3126766985865,False,0,0,0,0,0,0,0,1,0,0,0,0,0,0,1,0,0,0,0,0,0,0,1,0,0,0,1,0,0,0,0,0,1,0,0,0,0,0,1,material damage only
2024,2,30.0,False,52.3582,4.8165,1254.468,2166.0,931298.0,4950.0,0.0,11.734972677595628,7.98906300225008,15.34095949855352,32605.3,4.629253254167618,55154.1,82.14263902282224,1014.3126766985865,False,0,0,0,0,0,0,0,1,0,0,0,0,0,0,1,0,0,0,0,0,0,0,1,0,0,0,1,0,0,0,1,0,0,0,0,0,0,1,0,injury
2024,1,50.0,False,52.063634,4.289427,487.675,651.0,566221.0,6868.0,0.0,11.734972677595628,7.98906300225008,15.34095949855352,32605.3,4.629253254167618,55154.1,82.14263902282224,1014.3126766985865,False,0,0,0,0,0,0,0,0,0,0,0,1,0,0,0,0,0,0,0,1,0,0,0,0,1,0,1,0,0,0,0,0,1,0,0,0,0,0,1,injury
2024,2,30.0,False,53.144957,7.044501,150.003,12.0,39405.0,174.0,0.0,11.734972677595628,7.98906300225008,15.34095949855352,32605.3,4.629253254167618,55154.1,82.14263902282224,1014.3126766985865,False,0,0,0,0,1,0,0,0,0,0,0,0,0,0,1,0,0,0,0,0,0,0,1,0,0,0,1,0,0,0,1,0,0,0,0,0,0,0,1,material damage only
2024,2,30.0,False,52.632993,4.743273,167.479,24.0,112304.0,1018.0,0.0,11.734972677595628,7.98906300225008,15.34095949855352,32605.3,4.629253254167618,55154.1,82.14263902282224,1014.3126766985865,False,0,0,0,0,0,0,0,1,0,0,0,0,0,0,1,0,0,0,0,0,0,0,1,0,0,0,1,0,0,0,1,0,0,0,0,0,0,0,1,injury
2024,2,30.0,False,52.062338,4.484084,191.318,32.0,128434.0,3730.0,0.0,11.734972677595628,7.98906300225008,15.34095949855352,32605.3,4.629253254167618,55154.1,82.14263902282224,1014.3126766985865,False,0,0,0,0,0,0,0,0,0,0,0,1,0,0,1,0,0,0,0,0,0,0,1,0,0,0,1,0,0,0,0,1,0,0,0,0,0,0,1,injury
2024,2,50.0,False,51.909693,4.44845,1465.201,1076.0,670610.0,3070.0,0.0,11.734972677595628,7.98906300225008,15.34095949855352,32605.3,4.629253254167618,55154.1,82.14263902282224,1014.3126766985865,False,0,0,0,0,0,0,0,0,0,0,0,1,0,0,1,0,0,0,0,0,0,0,1,0,0,0,1,0,0,0,1,0,0,0,0,0,0,0,1,material damage only
2024,2,50.0,False,52.270047,6.808314,0.0,0.0,0.0,0.0,0.0,11.734972677595628,7.98906300225008,15.34095949855352,32605.3,4.629253254167618,55154.1,82.14263902282224,1014.3126766985865,False,0,0,0,0,0,0,0,0,1,0,0,0,0,0,0,0,0,0,0,1,0,0,1,0,0,0,1,0,0,0,0,1,0,0,0,0,0,0,1,injury
2024,2,50.0,False,52.212534,5.147886,455.686,62.0,94435.0,2070.0,0.0,11.734972677595628,7.98906300225008,15.34095949855352,32605.3,4.629253254167618,55154.1,82.14263902282224,1014.3126766985865,False,0,0,0,0,0,0,0,1,0,0,0,0,0,0,1,0,0,0,0,0,0,0,1,0,0,0,1,0,0,0,0,0,1,0,0,0,0,0,1,material damage only
2024,2,30.0,False,52.632283,4.749536,167.479,24.0,112304.0,1018.0,0.0,11.734972677595628,7.98906300225008,15.34095949855352,32605.3,4.629253254167618,55154.1,82.14263902282224,1014.3126766985865,False,0,0,0,0,0,0,0,1,0,0,0,0,0,0,1,0,0,0,0,0,0,0,1,0,0,0,0,1,0,0,0,0,1,0,0,0,1,0,0,material damage only
2024,2,80.0,False,52.650449,4.721731,0.0,0.0,0.0,0.0,0.0,11.734972677595628,7.98906300225008,15.34095949855352,32605.3,4.629253254167618,55154.1,82.14263902282224,1014.3126766985865,False,0,0,0,0,0,0,0,1,0,0,0,0,0,0,0,0,0,0,0,0,1,0,1,0,0,0,0,0,1,0,0,0,1,0,0,0,1,0,0,injury
2024,2,50.0,False,51.542417,5.076947,312.985,136.0,229836.0,1826.0,0.0,11.734972677595628,7.98906300225008,15.34095949855352,32605.3,4.629253254167618,55154.1,82.14263902282224,1014.3126766985865,False,0,0,0,0,0,0,1,0,0,0,0,0,0,0,1,0,0,0,0,0,0,0,1,0,0,0,1,0,0,0,0,0,1,0,0,0,0,0,1,material damage only
2024,1,50.0,False,51.844287,4.630717,77.962,18.0,32689.0,3209.0,0.0,11.734972677595628,7.98906300225008,15.34095949855352,32605.3,4.629253254167618,55154.1,82.14263902282224,1014.3126766985865,False,0,0,0,0,0,0,0,0,0,0,0,1,0,1,0,0,0,0,0,0,0,0,1,0,0,0,1,0,0,0,0,0,1,0,0,0,0,0,1,material damage only
2024,2,30.0,False,52.352146,4.759932,656.629,480.0,163128.0,827.0,0.0,11.734972677595628,7.98906300225008,15.34095949855352,32605.3,4.629253254167618,55154.1,82.14263902282224,1014.3126766985865,False,0,0,0,0,0,0,0,1,0,0,0,0,0,0,1,0,0,0,0,0,0,0,1,0,0,0,1,0,0,0,0,0,1,0,0,0,0,0,1,material damage only
2024,2,50.0,False,51.56452,5.090387,312.985,136.0,229836.0,1826.0,0.0,11.734972677595628,7.98906300225008,15.34095949855352,32605.3,4.629253254167618,55154.1,82.14263902282224,1014.3126766985865,False,0,0,0,0,0,0,1,0,0,0,0,0,0,0,0,1,0,0,0,0,0,0,1,0,0,0,1,0,0,0,0,0,1,0,0,0,0,0,1,injury
2024,2,50.0,False,51.929287,4.582927,154.935,16.0,67925.0,4803.0,0.0,11.734972677595628,7.98906300225008,15.34095949855352,32605.3,4.629253254167618,55154.1,82.14263902282224,1014.3126766985865,False,0,0,0,0,0,0,0,0,0,0,0,1,0,0,1,0,0,0,0,0,0,0,1,0,0,0,1,0,0,0,1,0,0,0,0,0,0,0,1,fatal
2024,2,50.0,False,52.293547,4.871233,365.397,69.0,95014.0,2311.0,240.0,11.974043715846994,8.361748633879781,15.433606557377049,1047.1,4.898087431693989,1757.8,81.7431693989071,1014.1232240437158,True,0,0,0,0,0,0,0,1,0,0,0,0,0,0,1,0,0,0,0,0,0,0,1,0,0,0,1,0,0,0,0,0,0,0,1,0,0,0,1,material damage only
2024,3,80.0,False,51.669185,4.737163,118.923,23.0,28192.0,297.0,0.0,11.734972677595628,7.98906300225008,15.34095949855352,32605.3,4.629253254167618,55154.1,82.14263902282224,1014.3126766985865,False,0,0,0,0,0,0,1,0,0,0,0,0,0,0,1,0,0,0,0,0,0,0,1,0,0,0,1,0,0,0,0,1,0,0,0,0,0,0,1,injury
2024,2,50.0,False,52.030515,4.309563,0.0,0.0,0.0,0.0,0.0,11.734972677595628,7.98906300225008,15.34095949855352,32605.3,4.629253254167618,55154.1,82.14263902282224,1014.3126766985865,False,0,0,0,0,0,0,0,0,0,0,0,1,0,0,1,0,0,0,0,0,0,0,1,0,0,0,1,0,0,0,0,0,1,0,0,0,0,1,0,injury
2024,2,30.0,False,52.499397,4.965776,148.015,14.0,95168.0,1017.0,0.0,11.734972677595628,7.98906300225008,15.34095949855352,32605.3,4.629253254167618,55154.1,82.14263902282224,1014.3126766985865,False,0,0,0,0,0,0,0,1,0,0,0,0,0,0,1,0,0,0,0,0,0,0,1,0,0,0,1,0,0,0,0,0,1,0,0,0,0,0,1,material damage only
2024,2,50.0,False,52.659862,4.751109,167.479,24.0,112304.0,1018.0,0.0,11.734972677595628,7.98906300225008,15.34095949855352,32605.3,4.629253254167618,55154.1,82.14263902282224,1014.3126766985865,False,0,0,0,0,0,0,0,1,0,0,0,0,0,0,0,1,0,0,0,0,0,0,1,0,0,0,1,0,0,1,0,0,0,0,0,0,0,0,1,injury
2024,2,50.0,False,51.434899,5.393821,390.887,502.0,246417.0,2800.0,0.0,11.734972677595628,7.98906300225008,15.34095949855352,32605.3,4.629253254167618,55154.1,82.14263902282224,1014.3126766985865,False,0,0,0,0,0,0,1,0,0,0,0,0,0,0,0,0,0,0,0,1,0,0,1,0,0,0,1,0,0,0,0,0,0,0,1,0,0,0,1,material damage only
2024,1,50.0,False,52.051907,4.30184,487.675,651.0,566221.0,6868.0,0.0,11.734972677595628,7.98906300225008,15.34095949855352,32605.3,4.629253254167618,55154.1,82.14263902282224,1014.3126766985865,False,0,0,0,0,0,0,0,0,0,0,0,1,0,0,0,0,0,0,0,1,0,0,1,0,0,0,1,0,0,1,0,0,0,0,0,0,0,0,1,injury
2024,1,30.0,False,52.663523,4.782074,162.559,6.0,90076.0,1455.0,0.0,11.734972677595628,7.98906300225008,15.34095949855352,32605.3,4.629253254167618,55154.1,82.14263902282224,1014.3126766985865,False,0,0,0,0,0,0,0,1,0,0,0,0,0,0,0,0,0,0,0,1,0,0,1,0,0,0,1,0,0,0,0,0,1,0,0,0,0,0,1,injury
2024,3,30.0,False,52.11109,5.131352,383.842,532.0,374238.0,3991.0,0.0,11.734972677595628,7.98906300225008,15.34095949855352,32605.3,4.629253254167618,55154.1,82.14263902282224,1014.3126766985865,False,0,0,0,0,0,0,0,0,0,1,0,0,0,0,0,0,0,0,1,0,0,0,1,0,0,0,1,0,0,0,0,0,1,0,0,0,0,0,1,material damage only
2024,3,30.0,False,52.361325,4.88681,1254.468,2166.0,931298.0,4950.0,0.0,11.734972677595628,7.98906300225008,15.34095949855352,32605.3,4.629253254167618,55154.1,82.14263902282224,1014.3126766985865,False,0,0,0,0,0,0,0,1,0,0,0,0,0,0,1,0,0,0,0,0,0,0,1,0,0,0,0,1,0,0,0,0,1,0,0,0,1,0,0,injury
2024,2,60.0,False,51.49502,3.641596,0.0,0.0,0.0,0.0,0.0,11.734972677595628,7.98906300225008,15.34095949855352,32605.3,4.629253254167618,55154.1,82.14263902282224,1014.3126766985865,False,0,0,0,0,0,0,0,0,0,0,1,0,0,0,1,0,0,0,0,0,0,0,0,0,1,0,1,0,0,0,0,1,0,0,0,0,0,0,1,injury
2024,2,50.0,False,52.939112,4.785055,125.843,60.0,56432.0,1251.0,235.0,11.878688524590165,8.85655737704918,14.658196721311475,995.9,5.372677595628415,1874.2,81.14207650273224,1013.6224043715847,True,0,0,0,0,0,0,0,1,0,0,0,0,0,0,1,0,0,0,0,0,0,0,1,0,0,0,1,0,0,0,0,0,1,0,0,0,0,0,1,injury
2023,2,50.0,False,51.682975,5.327704,314.239,91.0,160757.0,1468.0,0.0,11.69078162771958,7.801498791297341,15.385850120870266,34990.1,4.902983257229832,60585.8,80.60153102336825,1013.9606392694063,False,0,0,0,0,0,0,1,0,0,0,0,0,0,0,1,0,0,0,0,0,0,0,0,0,1,0,1,0,0,0,0,0,0,0,1,0,0,0,1,material damage only
2023,2,50.0,False,52.406707,4.89235,1254.468,2166.0,931298.0,4950.0,0.0,11.69078162771958,7.801498791297341,15.385850120870266,34990.1,4.902983257229832,60585.8,80.60153102336825,1013.9606392694063,False,0,0,0,0,0,0,0,1,0,0,0,0,0,0,0,1,0,0,0,0,0,0,0,0,1,0,0,1,0,0,0,0,1,0,0,0,1,0,0,material damage only
2023,2,30.0,False,52.663324,6.736835,363.125,55.0,35725.0,121.0,0.0,11.69078162771958,7.801498791297341,15.385850120870266,34990.1,4.902983257229832,60585.8,80.60153102336825,1013.9606392694063,False,1,0,0,0,0,0,0,0,0,0,0,0,0,0,1,0,0,0,0,0,0,0,1,0,0,0,1,0,0,0,1,0,0,0,0,0,0,0,1,material damage only
2023,2,50.0,False,51.833518,4.649648,77.962,18.0,32689.0,3209.0,0.0,11.69078162771958,7.801498791297341,15.385850120870266,34990.1,4.902983257229832,60585.8,80.60153102336825,1013.9606392694063,False,0,0,0,0,0,0,0,0,0,0,0,1,0,0,1,0,0,0,0,0,0,0,1,0,0,0,0,1,0,0,0,0,0,0,1,0,1,0,0,material damage only
2023,3,50.0,False,51.930308,4.33637,230.962,82.0,76409.0,3270.0,0.0,11.69078162771958,7.801498791297341,15.385850120870266,34990.1,4.902983257229832,60585.8,80.60153102336825,1013.9606392694063,False,0,0,0,0,0,0,0,0,0,0,0,1,0,0,0,0,0,1,0,0,0,0,1,0,0,0,1,0,0,0,0,0,1,0,0,0,0,0,1,injury
2023,3,50.0,False,51.929418,6.071067,217.203,32.0,45041.0,486.0,0.0,11.69078162771958,7.801498791297341,15.385850120870266,34990.1,4.902983257229832,60585.8,80.60153102336825,1013.9606392694063,False,0,0,0,1,0,0,0,0,0,0,0,0,0,0,0,0,0,0,0,1,0,0,1,0,0,0,1,0,0,0,0,0,0,0,1,0,0,0,1,material damage only
2023,2,60.0,False,52.151466,6.236026,126.339,130.0,48752.0,1191.0,0.0,11.69078162771958,7.801498791297341,15.385850120870266,34990.1,4.902983257229832,60585.8,80.60153102336825,1013.9606392694063,False,0,0,0,1,0,0,0,0,0,0,0,0,0,0,1,0,0,0,0,0,0,0,1,0,0,0,1,0,0,0,1,0,0,0,0,0,0,0,1,material damage only
2023,2,50.0,False,51.57602,5.066022,312.985,136.0,229836.0,1826.0,0.0,11.69078162771958,7.801498791297341,15.385850120870266,34990.1,4.902983257229832,60585.8,80.60153102336825,1013.9606392694063,False,0,0,0,0,0,0,1,0,0,0,0,0,0,0,1,0,0,0,0,0,0,0,0,0,1,0,0,0,1,0,0,0,0,0,1,0,1,0,0,material damage only
2023,2,50.0,False,51.842388,5.852772,464.437,164.0,187049.0,3542.0,0.0,11.69078162771958,7.801498791297341,15.385850120870266,34990.1,4.902983257229832,60585.8,80.60153102336825,1013.9606392694063,False,0,0,0,1,0,0,0,0,0,0,0,0,0,0,0,0,0,0,0,0,0,1,0,0,1,0,0,1,0,0,0,0,1,0,0,0,1,0,0,injury
2023,2,50.0,False,53.196388,5.802619,288.349,34.0,128810.0,542.0,270.0,11.041917808219178,7.239726027397261,14.554794520547945,1008.1,4.878630136986302,1901.5,82.40821917808219,1013.2202739726029,True,0,0,1,0,0,0,0,0,0,0,0,0,0,0,0,0,0,0,0,1,0,0,1,0,0,0,0,1,0,1,0,0,0,0,0,0,1,0,0,material damage only
2023,2,50.0,False,52.596201,5.984394,57.832,2.0,23448.0,285.0,0.0,11.69078162771958,7.801498791297341,15.385850120870266,34990.1,4.902983257229832,60585.8,80.60153102336825,1013.9606392694063,False,0,0,0,0,0,0,0,0,1,0,0,0,0,1,0,0,0,0,0,0,0,0,1,0,0,0,1,0,0,0,0,0,1,0,0,0,0,0,1,injury
2023,2,50.0,False,51.71205,5.315226,314.239,91.0,160757.0,1468.0,0.0,11.69078162771958,7.801498791297341,15.385850120870266,34990.1,4.902983257229832,60585.8,80.60153102336825,1013.9606392694063,False,0,0,0,0,0,0,1,0,0,0,0,0,0,0,1,0,0,0,0,0,0,0,0,0,1,0,1,0,0,0,0,1,0,0,0,0,0,0,1,injury
2023,2,50.0,False,50.949865,5.790804,0.0,0.0,0.0,0.0,0.0,11.69078162771958,7.801498791297341,15.385850120870266,34990.1,4.902983257229832,60585.8,80.60153102336825,1013.9606392694063,False,0,0,0,0,0,1,0,0,0,0,0,0,0,0,1,0,0,0,0,0,0,0,0,0,1,0,1,0,0,0,1,0,0,0,0,0,0,0,1,injury
2023,1,50.0,False,51.979879,4.238933,207.742,54.0,115941.0,1436.0,330.0,12.28,9.316438356164383,15.279726027397261,1022.6,7.162191780821917,1978.5,78.72602739726027,1013.9767123287671,True,0,0,0,0,0,0,0,0,0,0,0,1,0,1,0,0,0,0,0,0,0,0,0,0,1,0,0,1,0,0,0,0,1,0,0,0,1,0,0,injury
2023,2,50.0,False,52.66812,4.859284,162.559,6.0,90076.0,1455.0,0.0,11.69078162771958,7.801498791297341,15.385850120870266,34990.1,4.902983257229832,60585.8,80.60153102336825,1013.9606392694063,False,0,0,0,0,0,0,0,1,0,0,0,0,0,0,1,0,0,0,0,0,0,0,1,0,0,0,1,0,0,0,0,1,0,0,0,0,0,0,1,injury
2023,2,50.0,False,52.229511,4.445786,105.36,11.0,45734.0,784.0,0.0,11.69078162771958,7.801498791297341,15.385850120870266,34990.1,4.902983257229832,60585.8,80.60153102336825,1013.9606392694063,False,0,0,0,0,0,0,0,0,0,0,0,1,0,0,1,0,0,0,0,0,0,0,1,0,0,0,1,0,0,0,1,0,0,0,0,0,0,1,0,injury
2023,3,50.0,False,51.897525,4.550811,1465.201,1076.0,670610.0,3070.0,0.0,11.69078162771958,7.801498791297341,15.385850120870266,34990.1,4.902983257229832,60585.8,80.60153102336825,1013.9606392694063,False,0,0,0,0,0,0,0,0,0,0,0,1,0,0,0,0,0,0,0,1,0,0,1,0,0,0,1,0,0,0,0,0,1,0,0,0,0,0,1,injury
2023,2,60.0,False,51.882804,5.645768,72.246,8.0,19590.0,522.0,0.0,11.69078162771958,7.801498791297341,15.385850120870266,34990.1,4.902983257229832,60585.8,80.60153102336825,1013.9606392694063,False,0,0,0,1,0,0,0,0,0,0,0,0,0,0,1,0,0,0,0,0,0,0,0,0,0,1,0,0,1,0,0,1,0,0,0,0,0,0,0,material damage only
2023,2,50.0,False,52.428391,4.799187,157.83,33.0,161389.0,2189.0,0.0,11.69078162771958,7.801498791297341,15.385850120870266,34990.1,4.902983257229832,60585.8,80.60153102336825,1013.9606392694063,False,0,0,0,0,0,0,0,1,0,0,0,0,0,0,1,0,0,0,0,0,0,0,1,0,0,0,1,0,0,0,1,0,0,0,0,0,0,0,1,injury
2023,2,60.0,False,51.928152,5.87722,215.072,22.0,48919.0,449.0,0.0,11.69078162771958,7.801498791297341,15.385850120870266,34990.1,4.902983257229832,60585.8,80.60153102336825,1013.9606392694063,False,0,0,0,1,0,0,0,0,0,0,0,0,0,0,1,0,0,0,0,0,0,0,1,0,0,0,1,0,0,0,0,1,0,0,0,0,0,0,1,injury
2023,2,30.0,False,52.501727,4.75358,157.83,33.0,161389.0,2189.0,0.0,11.69078162771958,7.801498791297341,15.385850120870266,34990.1,4.902983257229832,60585.8,80.60153102336825,1013.9606392694063,False,0,0,0,0,0,0,0,1,0,0,0,0,0,0,1,0,0,0,0,0,0,0,1,0,0,0,0,1,0,0,0,0,1,0,0,0,0,0,1,material damage only
2023,2,30.0,False,51.582946,5.086912,312.985,136.0,229836.0,1826.0,0.0,11.69078162771958,7.801498791297341,15.385850120870266,34990.1,4.902983257229832,60585.8,80.60153102336825,1013.9606392694063,False,0,0,0,0,0,0,1,0,0,0,0,0,0,0,1,0,0,0,0,0,0,0,1,0,0,0,0,1,0,0,1,0,0,0,0,0,1,0,0,material damage only
2023,2,50.0,False,52.131102,5.589572,372.075,61.0,62592.0,356.0,0.0,11.69078162771958,7.801498791297341,15.385850120870266,34990.1,4.902983257229832,60585.8,80.60153102336825,1013.9606392694063,False,0,0,0,1,0,0,0,0,0,0,0,0,0,0,1,0,0,0,0,0,0,0,0,0,1,0,0,1,0,0,0,0,0,0,1,0,1,0,0,material damage only
2023,3,50.0,False,52.374852,6.472931,267.918,8.0,36264.0,263.0,0.0,11.69078162771958,7.801498791297341,15.385850120870266,34990.1,4.902983257229832,60585.8,80.60153102336825,1013.9606392694063,False,0,0,0,0,0,0,0,0,1,0,0,0,0,0,1,0,0,0,0,0,0,0,0,0,1,0,0,0,1,0,0,0,0,0,1,0,1,0,0,injury
2023,2,50.0,False,52.34799,5.972026,286.532,20.0,33168.0,212.0,0.0,11.69078162771958,7.801498791297341,15.385850120870266,34990.1,4.902983257229832,60585.8,80.60153102336825,1013.9606392694063,False,0,0,0,1,0,0,0,0,0,0,0,0,0,0,1,0,0,0,0,0,0,0,1,0,0,0,1,0,0,0,0,0,0,0,1,0,0,0,1,injury
2023,2,50.0,False,52.18192,5.002331,160.747,18.0,65878.0,686.0,0.0,11.69078162771958,7.801498791297341,15.385850120870266,34990.1,4.902983257229832,60585.8,80.60153102336825,1013.9606392694063,False,0,0,0,0,0,0,0,0,0,1,0,0,0,1,0,0,0,0,0,0,0,0,1,0,0,0,1,0,0,0,0,0,1,0,0,0,0,0,1,injury
2023,2,50.0,False,51.454218,3.585367,85.387,51.0,45389.0,1321.0,310.0,12.45095890410959,9.905753424657535,15.19041095890411,938.1,6.623013698630137,2067.4,80.05479452054794,1014.2747945205479,True,0,0,0,0,0,0,0,0,0,0,1,0,0,0,0,0,0,0,0,1,0,0,1,0,0,0,1,0,0,0,0,0,0,0,1,0,0,0,1,material damage only
2023,2,30.0,False,52.017979,4.322888,0.0,0.0,0.0,0.0,0.0,11.69078162771958,7.801498791297341,15.385850120870266,34990.1,4.902983257229832,60585.8,80.60153102336825,1013.9606392694063,False,0,0,0,0,0,0,0,0,0,0,0,1,0,0,0,0,0,0,0,1,0,0,0,0,1,0,1,0,0,0,0,0,1,0,0,0,0,0,1,injury
2023,3,50.0,False,51.452552,5.484573,390.887,502.0,246417.0,2800.0,0.0,11.69078162771958,7.801498791297341,15.385850120870266,34990.1,4.902983257229832,60585.8,80.60153102336825,1013.9606392694063,False,0,0,0,0,0,0,1,0,0,0,0,0,0,1,0,0,0,0,0,0,0,0,1,0,0,0,1,0,0,1,0,0,0,0,0,0,0,0,1,injury
2023,2,50.0,False,52.357297,6.646601,251.802,48.0,74317.0,1106.0,0.0,11.69078162771958,7.801498791297341,15.385850120870266,34990.1,4.902983257229832,60585.8,80.60153102336825,1013.9606392694063,False,0,0,0,0,0,0,0,0,1,0,0,0,0,0,0,0,0,0,0,1,0,0,1,0,0,0,1,0,0,0,0,0,0,0,1,0,0,0,1,material damage only
2023,2,50.0,False,52.193439,5.982415,670.883,172.0,168211.0,495.0,0.0,11.69078162771958,7.801498791297341,15.385850120870266,34990.1,4.902983257229832,60585.8,80.60153102336825,1013.9606392694063,False,0,0,0,1,0,0,0,0,0,0,0,0,0,0,1,0,0,0,0,0,0,0,0,0,1,0,1,0,0,0,0,1,0,0,0,0,0,0,1,material damage only
2023,2,80.0,False,51.799144,4.33839,333.256,203.0,90256.0,336.0,0.0,11.69078162771958,7.801498791297341,15.385850120870266,34990.1,4.902983257229832,60585.8,80.60153102336825,1013.9606392694063,False,0,0,0,0,0,0,0,0,0,0,0,1,0,0,1,0,0,0,0,0,0,0,1,0,0,0,0,0,1,0,0,1,0,0,0,0,1,0,0,injury
2023,2,80.0,False,51.053029,5.844612,135.343,16.0,32041.0,311.0,0.0,11.69078162771958,7.801498791297341,15.385850120870266,34990.1,4.902983257229832,60585.8,80.60153102336825,1013.9606392694063,False,0,0,0,0,0,1,0,0,0,0,0,0,0,0,1,0,0,0,0,0,0,0,1,0,0,0,1,0,0,0,0,1,0,0,0,0,0,0,1,injury
2023,2,50.0,False,52.302725,4.648671,656.629,480.0,163128.0,827.0,0.0,11.69078162771958,7.801498791297341,15.385850120870266,34990.1,4.902983257229832,60585.8,80.60153102336825,1013.9606392694063,False,0,0,0,0,0,0,0,1,0,0,0,0,0,0,1,0,0,0,0,0,0,0,0,0,1,0,0,0,1,0,0,1,0,0,0,0,0,0,1,injury
2023,2,50.0,False,52.387484,4.924158,1254.468,2166.0,931298.0,4950.0,0.0,11.69078162771958,7.801498791297341,15.385850120870266,34990.1,4.902983257229832,60585.8,80.60153102336825,1013.9606392694063,False,0,0,0,0,0,0,0,1,0,0,0,0,0,0,1,0,0,0,0,0,0,0,1,0,0,0,1,0,0,0,0,0,0,0,1,0,0,0,1,material damage only
2023,2,50.0,False,52.023184,4.272906,207.742,54.0,115941.0,1436.0,330.0,12.28,9.316438356164383,15.279726027397261,1022.6,7.162191780821917,1978.5,78.72602739726027,1013.9767123287671,True,0,0,0,0,0,0,0,0,0,0,0,1,0,0,1,0,0,0,0,0,0,0,1,0,0,0,1,0,0,0,0,0,0,0,1,0,0,0,1,injury
2023,2,30.0,True,52.23499,5.179011,455.686,62.0,94435.0,2070.0,0.0,11.69078162771958,7.801498791297341,15.385850120870266,34990.1,4.902983257229832,60585.8,80.60153102336825,1013.9606392694063,False,0,0,0,0,0,0,0,1,0,0,0,0,0,0,1,0,0,0,0,0,0,0,1,0,0,0,1,0,0,0,1,0,0,0,0,0,0,0,1,injury
2023,3,50.0,False,52.128874,5.037002,160.747,18.0,65878.0,686.0,0.0,11.69078162771958,7.801498791297341,15.385850120870266,34990.1,4.902983257229832,60585.8,80.60153102336825,1013.9606392694063,False,0,0,0,0,0,0,0,0,0,1,0,0,0,0,0,0,0,0,0,1,0,0,1,0,0,0,1,0,0,0,1,0,0,0,0,0,0,0,1,material damage only
2023,3,50.0,False,52.361617,4.870766,1254.468,2166.0,931298.0,4950.0,0.0,11.69078162771958,7.801498791297341,15.385850120870266,34990.1,4.902983257229832,60585.8,80.60153102336825,1013.9606392694063,False,0,0,0,0,0,0,0,1,0,0,0,0,0,0,0,0,0,0,0,1,0,0,1,0,0,0,1,0,0,0,0,0,1,0,0,0,0,0,1,material damage only
2023,2,50.0,False,51.994104,5.965526,83.274,21.0,43661.0,534.0,0.0,11.69078162771958,7.801498791297341,15.385850120870266,34990.1,4.902983257229832,60585.8,80.60153102336825,1013.9606392694063,False,0,0,0,1,0,0,0,0,0,0,0,0,0,0,1,0,0,0,0,0,0,0,1,0,0,0,0,0,1,0,1,0,0,0,0,0,0,0,1,injury