year,party_count,speed_limit_kmh,alcohol_indicated,latitude,longitude,km_total,bicycle_parking_count,population,population_density_km2,station_id,weather_temp_mean_c,weather_temp_min_c,weather_temp_max_c,weather_precip_mm_total,weather_wind_mean_ms,weather_sunshine_hours_total,weather_humidity_mean_pct,weather_pressure_mean_hpa,weather_desde_estacion,province_Drenthe,province_Flevoland,province_Friesland,province_Gelderland,province_Groningen,province_Limburg,province_Noord-Brabant,province_Noord-Holland,province_Overijssel,province_Utrecht,province_Zeeland,province_Zuid-Holland,accident_type_Dier,accident_type_Eenzijdig,accident_type_Flank,accident_type_Frontaal,accident_type_Geparkeerd voertuig,accident_type_Kop/staart,accident_type_Los voorwerp,accident_type_Onbekend,accident_type_Vast voorwerp,accident_type_Voetganger,weather_label_clear,weather_label_fog,weather_label_rain,weather_label_unknown,periodo_luz_dia,periodo_luz_noche,periodo_luz_otro,road_situation_Bocht,"road_situation_Kruispunt, 3 takken","road_situation_Kruispunt, 4 takken",road_situation_Rechte weg,"road_situation_Rechte weg, gescheiden rijbanen",road_situation_Rotonde,road_situation_Uitvoegstrook op (auto)snelweg,road_lighting_Brandend,road_lighting_Niet aanwezig,road_lighting_Niet brandend,severity_label
2022,2,50.0,False,52.378199,4.806595,1254.468,2166.0,931298.0,4950.0,0.0,11.579567811643283,7.061761148294492,15.7217384292856,24005.5,4.521670480549199,70887.0,77.74770198355104,1016.9445955210238,False,0,0,0,0,0,0,0,1,0,0,0,0,0,0,1,0,0,0,0,0,0,0,1,0,0,0,1,0,0,0,0,1,0,0,0,0,0,0,1,material damage only
2022,2,50.0,False,51.977473,5.648314,143.664,225.0,42579.0,1400.0,0.0,11.579567811643283,7.061761148294492,15.7217384292856,24005.5,4.521670480549199,70887.0,77.74770198355104,1016.9445955210238,False,0,0,0,1,0,0,0,0,0,0,0,0,0,0,1,0,0,0,0,0,0,0,1,0,0,0,1,0,0,0,0,1,0,0,0,0,0,0,1,material damage only
2022,2,30.0,False,52.673235,4.833724,162.559,6.0,90076.0,1455.0,0.0,11.579567811643283,7.061761148294492,15.7217384292856,24005.5,4.521670480549199,70887.0,77.74770198355104,1016.9445955210238,False,0,0,0,0,0,0,0,1,0,0,0,0,0,0,1,0,0,0,0,0,0,0,1,0,0,0,1,0,0,0,1,0,0,0,0,0,0,1,0,material damage only
2022,2,50.0,False,51.976623,4.372013,122.823,280.0,109577.0,4835.0,0.0,11.579567811643283,7.061761148294492,15.7217384292856,24005.5,4.521670480549199,70887.0,77.74770198355104,1016.9445955210238,False,0,0,0,0,0,0,0,0,0,0,0,1,0,0,0,0,0,0,0,0,0,1,1,0,0,0,1,0,0,1,0,0,0,0,0,0,0,1,0,injury
2022,2,50.0,False,51.509806,3.884704,101.617,13.0,39682.0,429.0,323.0,12.146260387811635,8.183102493074792,15.93240997229917,800.8,4.417728531855955,2287.3,76.85872576177286,1017.2689750692521,True,0,0,0,0,0,0,0,0,0,0,1,0,0,0,0,0,0,1,0,0,0,0,1,0,0,0,1,0,0,0,0,1,0,0,0,0,0,0,1,injury
2022,3,50.0,False,51.593731,4.754621,288.765,205.0,188078.0,1496.0,0.0,11.579567811643283,7.061761148294492,15.7217384292856,24005.5,4.521670480549199,70887.0,77.74770198355104,1016.9445955210238,False,0,0,0,0,0,0,1,0,0,0,0,0,0,0,0,0,0,0,0,1,0,0,1,0,0,0,1,0,0,0,0,0,1,0,0,0,0,0,1,injury
2022,2,30.0,False,51.579934,5.200923,97.839,14.0,32952.0,411.0,0.0,11.579567811643283,7.061761148294492,15.7217384292856,24005.5,4.521670480549199,70887.0,77.74770198355104,1016.9445955210238,False,0,0,0,0,0,0,1,0,0,0,0,0,0,0,1,0,0,0,0,0,0,0,1,0,0,0,1,0,0,0,0,0,0,0,1,0,0,0,1,material damage only
2022,2,60.0,False,52.170509,5.640483,372.075,61.0,62592.0,356.0,0.0,11.579567811643283,7.061761148294492,15.7217384292856,24005.5,4.521670480549199,70887.0,77.74770198355104,1016.9445955210238,False,0,0,0,1,0,0,0,0,0,0,0,0,0,0,0,0,0,0,0,1,0,0,1,0,0,0,0,1,0,0,0,0,1,0,0,0,1,0,0,injury
2022,2,50.0,False,52.362313,5.179577,1074.57,179.0,226500.0,1753.0,0.0,11.579567811643283,7.061761148294492,15.7217384292856,24005.5,4.521670480549199,70887.0,77.74770198355104,1016.9445955210238,False,0,1,0,0,0,0,0,0,0,0,0,0,0,0,0,1,0,0,0,0,0,0,1,0,0,0,1,0,0,0,0,1,0,0,0,0,0,0,1,material damage only
2022,2,50.0,False,52.362019,4.657158,161.888,173.0,167636.0,5739.0,0.0,11.579567811643283,7.061761148294492,15.7217384292856,24005.5,4.521670480549199,70887.0,77.74770198355104,1016.9445955210238,False,0,0,0,0,0,0,0,1,0,0,0,0,0,0,1,0,0,0,0,0,0,0,1,0,0,0,1,0,0,0,0,1,0,0,0,0,1,0,0,injury
2022,2,30.0,False,52.077004,4.302661,487.675,651.0,566221.0,6868.0,0.0,11.579567811643283,7.061761148294492,15.7217384292856,24005.5,4.521670480549199,70887.0,77.74770198355104,1016.9445955210238,False,0,0,0,0,0,0,0,0,0,0,0,1,0,0,0,0,0,0,0,1,0,0,1,0,0,0,1,0,0,0,0,0,1,0,0,0,0,0,1,injury
2022,2,30.0,False,51.464207,5.638637,392.497,228.0,95874.0,1803.0,0.0,11.579567811643283,7.061761148294492,15.7217384292856,24005.5,4.521670480549199,70887.0,77.74770198355104,1016.9445955210238,False,0,0,0,0,0,0,1,0,0,0,0,0,0,0,0,1,0,0,0,0,0,0,0,0,0,1,1,0,0,1,0,0,0,0,0,0,0,0,1,material damage only
2022,2,50.0,False,51.453094,5.550989,78.48,8.0,24231.0,720.0,0.0,11.579567811643283,7.061761148294492,15.7217384292856,24005.5,4.521670480549199,70887.0,77.74770198355104,1016.9445955210238,False,0,0,0,0,0,0,1,0,0,0,0,0,0,0,1,0,0,0,0,0,0,0,1,0,0,0,1,0,0,0,1,0,0,0,0,0,0,0,1,material damage only
2022,1,80.0,False,51.402808,4.921782,42.817,11.0,7076.0,93.0,0.0,11.579567811643283,7.061761148294492,15.7217384292856,24005.5,4.521670480549199,70887.0,77.74770198355104,1016.9445955210238,False,0,0,0,0,0,0,1,0,0,0,0,0,0,0,0,0,0,0,0,1,0,0,1,0,0,0,1,0,0,0,0,0,1,0,0,0,0,1,0,material damage only
2022,2,50.0,False,51.618595,6.031416,0.0,0.0,0.0,0.0,0.0,11.579567811643283,7.061761148294492,15.7217384292856,24005.5,4.521670480549199,70887.0,77.74770198355104,1016.9445955210238,False,0,0,0,0,0,1,0,0,0,0,0,0,0,0,0,0,0,0,0,1,0,0,0,0,0,1,1,0,0,0,0,0,0,0,0,0,0,0,0,material damage only
2022,2,50.0,False,52.402982,4.646828,161.888,173.0,167636.0,5739.0,0.0,11.579567811643283,7.061761148294492,15.7217384292856,24005.5,4.521670480549199,70887.0,77.74770198355104,1016.9445955210238,False,0,0,0,0,0,0,0,1,0,0,0,0,0,0,1,0,0,0,0,0,0,0,1,0,0,0,1,0,0,0,0,1,0,0,0,0,0,0,1,injury
2022,2,30.0,False,52.311647,6.924349,61.818,9.0,31794.0,1475.0,290.0,11.39584487534626,5.808864265927978,16.178947368421053,624.8,3.5473684210526315,2145.9,75.2770083102493,1016.9398891966758,True,0,0,0,0,0,0,0,0,1,0,0,0,0,0,0,0,0,0,0,1,0,0,1,0,0,0,1,0,0,0,0,1,0,0,0,0,0,0,1,material damage only
2023,2,80.0,False,52.591754,5.001348,67.017,5.0,36917.0,680.0,0.0,11.69078162771958,7.801498791297341,15.385850120870266,34990.1,4.902983257229832,60585.8,80.60153102336825,1013.9606392694063,False,0,0,0,0,0,0,0,1,0,0,0,0,0,0,1,0,0,0,0,0,0,0,1,0,0,0,1,0,0,0,0,1,0,0,0,0,0,0,1,fatal
2023,2,50.0,False,52.30634,4.858016,365.397,69.0,95014.0,2311.0,240.0,11.980547945205478,8.338356164383562,15.410136986301369,1094.1,5.212054794520548,1896.0,80.3945205479452,1013.8057534246575,True,0,0,0,0,0,0,0,1,0,0,0,0,0,0,0,0,0,0,0,1,0,0,0,0,0,1,0,1,0,0,0,0,0,0,0,0,0,0,0,material damage only
2023,1,30.0,False,51.996483,4.210229,207.742,54.0,115941.0,1436.0,330.0,12.28,9.316438356164383,15.279726027397261,1022.6,7.162191780821917,1978.5,78.72602739726027,1013.9767123287671,True,0,0,0,0,0,0,0,0,0,0,0,1,0,1,0,0,0,0,0,0,0,0,0,0,0,1,1,0,0,0,0,0,0,0,0,0,0,0,0,injury
2023,3,80.0,False,52.229998,6.188044,280.116,4.0,34289.0,161.0,0.0,11.69078162771958,7.801498791297341,15.385850120870266,34990.1,4.902983257229832,60585.8,80.60153102336825,1013.9606392694063,False,0,0,0,1,0,0,0,0,0,0,0,0,0,0,0,0,0,0,0,1,0,0,0,0,1,0,0,1,0,1,0,0,0,0,0,0,1,0,0,injury
2023,2,80.0,False,53.032551,5.637671,293.613,30.0,90421.0,173.0,267.0,11.326027397260274,8.057808219178082,14.381643835616439,979.0,5.822739726027398,1954.5,83.92876712328767,1013.9606392694063,True,0,0,1,0,0,0,0,0,0,0,0,0,0,0,1,0,0,0,0,0,0,0,0,0,1,0,1,0,0,0,0,1,0,0,0,0,0,0,1,injury
2023,2,50.0,False,52.520773,6.106103,453.314,142.0,133141.0,1203.0,0.0,11.69078162771958,7.801498791297341,15.385850120870266,34990.1,4.902983257229832,60585.8,80.60153102336825,1013.9606392694063,False,0,0,0,0,0,0,0,0,1,0,0,0,0,0,1,0,0,0,0,0,0,0,0,0,1,0,1,0,0,0,0,0,0,0,1,0,0,0,1,injury
2023,1,50.0,False,52.092941,5.222247,122.457,9.0,66641.0,1374.0,0.0,11.69078162771958,7.801498791297341,15.385850120870266,34990.1,4.902983257229832,60585.8,80.60153102336825,1013.9606392694063,False,0,0,0,0,0,0,0,0,0,1,0,0,0,1,0,0,0,0,0,0,0,0,0,0,0,1,0,1,0,0,0,0,0,0,0,0,0,0,0,injury
2023,2,50.0,False,53.202783,5.809736,288.349,34.0,128810.0,542.0,270.0,11.041917808219178,7.239726027397261,14.554794520547945,1008.1,4.878630136986302,1901.5,82.40821917808219,1013.2202739726029,True,0,0,1,0,0,0,0,0,0,0,0,0,0,0,0,1,0,0,0,0,0,0,1,0,0,0,1,0,0,0,0,0,0,0,1,0,0,0,1,injury
2023,2,15.0,False,52.203013,6.894901,322.351,131.0,161738.0,1149.0,0.0,11.69078162771958,7.801498791297341,15.385850120870266,34990.1,4.902983257229832,60585.8,80.60153102336825,1013.9606392694063,False,0,0,0,0,0,0,0,0,1,0,0,0,0,0,1,0,0,0,0,0,0,0,1,0,0,0,0,1,0,0,0,1,0,0,0,0,1,0,0,material damage only
2023,2,50.0,False,50.878568,6.062844,57.348,5.0,45311.0,2068.0,0.0,11.69078162771958,7.801498791297341,15.385850120870266,34990.1,4.902983257229832,60585.8,80.60153102336825,1013.9606392694063,False,0,0,0,0,0,1,0,0,0,0,0,0,0,0,0,0,0,0,0,1,0,0,1,0,0,0,1,0,0,0,0,0,0,0,1,0,0,0,1,material damage only
2023,2,30.0,False,51.889432,5.091121,106.0,58.0,61669.0,422.0,0.0,11.69078162771958,7.801498791297341,15.385850120870266,34990.1,4.902983257229832,60585.8,80.60153102336825,1013.9606392694063,False,0,0,0,0,0,0,0,0,0,1,0,0,0,0,0,1,0,0,0,0,0,0,1,0,0,0,0,1,0,0,0,0,1,0,0,0,1,0,0,material damage only
2023,2,30.0,False,51.327997,5.983853,112.153,22.0,45534.0,286.0,0.0,11.69078162771958,7.801498791297341,15.385850120870266,34990.1,4.902983257229832,60585.8,80.60153102336825,1013.9606392694063,False,0,0,0,0,0,1,0,0,0,0,0,0,0,0,0,0,0,0,0,1,0,0,0,0,0,1,1,0,0,0,0,0,0,0,0,0,0,0,0,material damage only
2023,2,50.0,False,52.342929,5.613612,320.465,20.0,49387.0,1269.0,0.0,11.69078162771958,7.801498791297341,15.385850120870266,34990.1,4.902983257229832,60585.8,80.60153102336825,1013.9606392694063,False,0,0,0,1,0,0,0,0,0,0,0,0,0,0,0,0,0,0,0,1,0,0,1,0,0,0,1,0,0,0,0,0,0,0,1,0,0,0,1,material damage only
2023,2,30.0,False,52.023863,5.168197,70.615,48.0,50847.0,926.0,0.0,11.69078162771958,7.801498791297341,15.385850120870266,34990.1,4.902983257229832,60585.8,80.60153102336825,1013.9606392694063,False,0,0,0,0,0,0,0,0,0,1,0,0,0,0,1,0,0,0,0,0,0,0,1,0,0,0,1,0,0,0,1,0,0,0,0,0,0,0,1,injury
2024,2,50.0,False,51.553337,5.089983,312.985,136.0,229836.0,1826.0,0.0,11.734972677595628,7.98906300225008,15.34095949855352,32605.3,4.629253254167618,55154.1,82.14263902282224,1014.3126766985865,False,0,0,0,0,0,0,1,0,0,0,0,0,0,0,1,0,0,0,0,0,0,0,1,0,0,0,0,1,0,0,0,1,0,0,0,0,1,0,0,material damage only
2023,2,30.0,False,52.381372,4.889511,1254.468,2166.0,931298.0,4950.0,0.0,11.69078162771958,7.801498791297341,15.385850120870266,34990.1,4.902983257229832,60585.8,80.60153102336825,1013.9606392694063,False,0,0,0,0,0,0,0,1,0,0,0,0,0,0,1,0,0,0,0,0,0,0,0,0,1,0,0,1,0,0,0,1,0,0,0,0,1,0,0,material damage only
2023,2,30.0,False,52.558088,5.918026,290.256,12.0,56177.0,398.0,257.0,11.835890410958905,8.284109589041096,14.981095890410959,1109.0,4.902983257229832,1932.4,79.71232876712328,1013.9606392694063,True,0,0,0,0,0,0,0,0,1,0,0,0,0,0,0,1,0,0,0,0,0,0,0,0,1,0,0,0,1,0,0,0,1,0,0,0,0,0,1,material damage only
2023,2,30.0,False,52.375698,4.890969,1254.468,2166.0,931298.0,4950.0,0.0,11.69078162771958,7.801498791297341,15.385850120870266,34990.1,4.902983257229832,60585.8,80.60153102336825,1013.9606392694063,False,0,0,0,0,0,0,0,1,0,0,0,0,0,0,0,0,0,0,0,1,0,0,1,0,0,0,0,1,0,0,0,0,1,0,0,0,1,0,0,material damage only
2023,1,50.0,False,52.162461,4.521349,46.014,10.0,27736.0,2413.0,0.0,11.69078162771958,7.801498791297341,15.385850120870266,34990.1,4.902983257229832,60585.8,80.60153102336825,1013.9606392694063,False,0,0,0,0,0,0,0,0,0,0,0,1,0,1,0,0,0,0,0,0,0,0,1,0,0,0,1,0,0,0,0,0,1,0,0,0,0,0,1,injury
2023,3,60.0,False,52.576766,5.958098,290.256,12.0,56177.0,398.0,257.0,11.835890410958905,8.284109589041096,14.981095890410959,1109.0,4.902983257229832,1932.4,79.71232876712328,1013.9606392694063,True,0,0,0,0,0,0,0,0,1,0,0,0,0,0,0,0,0,0,0,1,0,0,1,0,0,0,1,0,0,0,0,0,1,0,0,0,0,1,0,injury
2023,2,30.0,False,51.964252,4.776822,167.74,30.0,57785.0,390.0,0.0,11.69078162771958,7.801498791297341,15.385850120870266,34990.1,4.902983257229832,60585.8,80.60153102336825,1013.9606392694063,False,0,0,0,0,0,0,0,0,0,0,0,1,0,0,1,0,0,0,0,0,0,0,1,0,0,0,1,0,0,0,0,0,1,0,0,0,0,0,1,injury
2023,2,50.0,False,51.886941,4.600667,163.172,50.0,47721.0,2033.0,0.0,11.69078162771958,7.801498791297341,15.385850120870266,34990.1,4.902983257229832,60585.8,80.60153102336825,1013.9606392694063,False,0,0,0,0,0,0,0,0,0,0,0,1,0,0,1,0,0,0,0,0,0,0,0,0,1,0,1,0,0,0,1,0,0,0,0,0,0,0,1,injury
2023,2,30.0,False,51.889887,4.487563,1465.201,1076.0,670610.0,3070.0,0.0,11.69078162771958,7.801498791297341,15.385850120870266,34990.1,4.902983257229832,60585.8,80.60153102336825,1013.9606392694063,False,0,0,0,0,0,0,0,0,0,0,0,1,0,0,0,0,0,1,0,0,0,0,0,0,1,0,1,0,0,0,0,1,0,0,0,0,0,0,1,injury
2023,2,50.0,False,52.598455,4.708802,53.262,3.0,24312.0,1300.0,0.0,11.69078162771958,7.801498791297341,15.385850120870266,34990.1,4.902983257229832,60585.8,80.60153102336825,1013.9606392694063,False,0,0,0,0,0,0,0,1,0,0,0,0,0,0,1,0,0,0,0,0,0,0,1,0,0,0,0,1,0,0,0,1,0,0,0,0,1,0,0,injury
2023,2,50.0,False,52.35751,4.910081,1254.468,2166.0,931298.0,4950.0,0.0,11.69078162771958,7.801498791297341,15.385850120870266,34990.1,4.902983257229832,60585.8,80.60153102336825,1013.9606392694063,False,0,0,0,0,0,0,0,1,0,0,0,0,0,0,1,0,0,0,0,0,0,0,1,0,0,0,1,0,0,0,0,1,0,0,0,0,0,0,1,material damage only
2023,2,30.0,False,52.362285,4.913571,1254.468,2166.0,931298.0,4950.0,0.0,11.69078162771958,7.801498791297341,15.385850120870266,34990.1,4.902983257229832,60585.8,80.60153102336825,1013.9606392694063,False,0,0,0,0,0,0,0,1,0,0,0,0,0,0,1,0,0,0,0,0,0,0,1,0,0,0,1,0,0,0,0,0,1,0,0,0,0,0,1,material damage only
2023,2,50.0,False,52.002166,4.371924,122.823,280.0,109577.0,4835.0,0.0,11.69078162771958,7.801498791297341,15.385850120870266,34990.1,4.902983257229832,60585.8,80.60153102336825,1013.9606392694063,False,0,0,0,0,0,0,0,0,0,0,0,1,0,0,1,0,0,0,0,0,0,0,0,0,1,0,1,0,0,0,1,0,0,0,0,0,0,0,1,injury
2023,2,60.0,False,52.990264,6.621927,252.955,48.0,25845.0,94.0,0.0,11.69078162771958,7.801498791297341,15.385850120870266,34990.1,4.902983257229832,60585.8,80.60153102336825,1013.9606392694063,False,1,0,0,0,0,0,0,0,0,0,0,0,0,0,0,1,0,0,0,0,0,0,1,0,0,0,1,0,0,0,1,0,0,0,0,0,0,0,1,fatal
2023,2,30.0,False,52.476968,6.055584,59.65,14.0,12624.0,547.0,0.0,11.69078162771958,7.801498791297341,15.385850120870266,34990.1,4.902983257229832,60585.8,80.60153102336825,1013.9606392694063,False,0,0,0,1,0,0,0,0,0,0,0,0,0,0,1,0,0,0,0,0,0,0,1,0,0,0,1,0,0,0,1,0,0,0,0,0,0,0,1,material damage only
2023,1,50.0,False,52.150463,4.463808,139.091,103.0,130108.0,5954.0,0.0,11.69078162771958,7.801498791297341,15.385850120870266,34990.1,4.902983257229832,60585.8,80.60153102336825,1013.9606392694063,False,0,0,0,0,0,0,0,0,0,0,0,1,0,1,0,0,0,0,0,0,0,0,1,0,0,0,1,0,0,0,0,1,0,0,0,0,0,0,1,injury
2023,2,50.0,False,52.104613,4.270722,487.675,651.0,566221.0,6868.0,0.0,11.69078162771958,7.801498791297341,15.385850120870266,34990.1,4.902983257229832,60585.8,80.60153102336825,1013.9606392694063,False,0,0,0,0,0,0,0,0,0,0,0,1,0,0,1,0,0,0,0,0,0,0,0,0,1,0,1,0,0,0,0,1,0,0,0,0,0,0,1,material damage only
2023,2,30.0,False,52.395326,4.650554,161.888,173.0,167636.0,5739.0,0.0,11.69078162771958,7.801498791297341,15.385850120870266,34990.1,4.902983257229832,60585.8,80.60153102336825,1013.9606392694063,False,0,0,0,0,0,0,0,1,0,0,0,0,0,0,1,0,0,0,0,0,0,0,1,0,0,0,1,0,0,0,1,0,0,0,0,0,0,0,1,material damage only
2023,1,50.0,False,52.025644,4.421635,101.833,60.0,57932.0,1571.0,0.0,11.69078162771958,7.801498791297341,15.385850120870266,34990.1,4.902983257229832,60585.8,80.60153102336825,1013.9606392694063,False,0,0,0,0,0,0,0,0,0,0,0,1,0,1,0,0,0,0,0,0,0,0,1,0,0,0,0,1,0,0,0,0,1,0,0,0,1,0,0,injury
2023,1,30.0,False,52.097236,4.41549,89.657,590.0,78229.0,2399.0,0.0,11.69078162771958,7.801498791297341,15.385850120870266,34990.1,4.902983257229832,60585.8,80.60153102336825,1013.9606392694063,False,0,0,0,0,0,0,0,0,0,0,0,1,0,1,0,0,0,0,0,0,0,0,0,0,1,0,1,0,0,0,0,0,1,0,0,0,0,1,0,injury
2023,3,60.0,False,51.893304,4.912997,304.338,32.0,45271.0,249.0,0.0,11.69078162771958,7.801498791297341,15.385850120870266,34990.1,4.902983257229832,60585.8,80.60153102336825,1013.9606392694063,False,0,0,0,0,0,0,0,0,0,0,0,1,0,0,0,0,0,0,0,1,0,0,1,0,0,0,0,1,0,0,0,0,1,0,0,0,1,0,0,injury
2023,2,50.0,False,51.691612,5.083465,103.532,5.0,50302.0,779.0,0.0,11.69078162771958,7.801498791297341,15.385850120870266,34990.1,4.902983257229832,60585.8,80.60153102336825,1013.9606392694063,False,0,0,0,0,0,0,1,0,0,0,0,0,0,0,0,0,0,0,0,1,0,0,1,0,0,0,1,0,0,0,0,0,1,0,0,0,0,0,1,material damage only
2023,2,70.0,False,51.427689,5.463839,390.887,502.0,246417.0,2800.0,0.0,11.69078162771958,7.801498791297341,15.385850120870266,34990.1,4.902983257229832,60585.8,80.60153102336825,1013.9606392694063,False,0,0,0,0,0,0,1,0,0,0,0,0,0,0,0,0,0,0,1,0,0,0,1,0,0,0,1,0,0,0,0,1,0,0,0,0,0,0,1,material damage only
2023,2,50.0,False,53.015178,5.622621,293.613,30.0,90421.0,173.0,267.0,11.326027397260274,8.057808219178082,14.381643835616439,979.0,5.822739726027398,1954.5,83.92876712328767,1013.9606392694063,True,0,0,1,0,0,0,0,0,0,0,0,0,0,0,1,0,0,0,0,0,0,0,1,0,0,0,1,0,0,0,1,0,0,0,0,0,0,0,1,material damage only
2023,2,50.0,False,52.748263,6.881647,773.499,82.0,109346.0,326.0,0.0,11.69078162771958,7.801498791297341,15.385850120870266,34990.1,4.902983257229832,60585.8,80.60153102336825,1013.9606392694063,False,1,0,0,0,0,0,0,0,0,0,0,0,0,0,1,0,0,0,0,0,0,0,0,0,1,0,1,0,0,0,1,0,0,0,0,0,0,0,1,injury
2023,2,50.0,False,52.181641,5.969912,670.883,172.0,168211.0,495.0,0.0,11.69078162771958,7.801498791297341,15.385850120870266,34990.1,4.902983257229832,60585.8,80.60153102336825,1013.9606392694063,False,0,0,0,1,0,0,0,0,0,0,0,0,0,0,1,0,0,0,0,0,0,0,1,0,0,0,1,0,0,0,0,1,0,0,0,0,0,0,1,injury
2023,1,50.0,False,51.98781,4.365641,122.823,280.0,109577.0,4835.0,0.0,11.69078162771958,7.801498791297341,15.385850120870266,34990.1,4.902983257229832,60585.8,80.60153102336825,1013.9606392694063,False,0,0,0,0,0,0,0,0,0,0,0,1,0,1,0,0,0,0,0,0,0,0,0,0,0,1,1,0,0,0,0,0,0,0,0,0,0,0,0,injury
2023,2,50.0,False,52.343283,5.688797,320.465,20.0,49387.0,1269.0,0.0,11.69078162771958,7.801498791297341,15.385850120870266,34990.1,4.902983257229832,60585.8,80.60153102336825,1013.9606392694063,False,0,0,0,1,0,0,0,0,0,0,0,0,0,0,0,0,0,1,0,0,0,0,0,0,0,1,1,0,0,0,0,0,1,0,0,0,1,0,0,material damage only
2023,1,30.0,False,52.078547,4.319321,487.675,651.0,566221.0,6868.0,0.0,11.69078162771958,7.801498791297341,15.385850120870266,34990.1,4.902983257229832,60585.8,80.60153102336825,1013.9606392694063,False,0,0,0,0,0,0,0,0,0,0,0,1,0,1,0,0,0,0,0,0,0,0,0,0,0,1,0,1,0,0,0,0,0,0,0,0,0,0,0,injury
2023,2,50.0,False,50.86113,6.012039,57.348,5.0,45311.0,2068.0,0.0,11.69078162771958,7.801498791297341,15.385850120870266,34990.1,4.902983257229832,60585.8,80.60153102336825,1013.9606392694063,False,0,0,0,0,0,1,0,0,0,0,0,0,0,0,0,0,0,0,0,1,0,0,0,0,0,1,1,0,0,0,0,0,0,0,0,0,0,0,0,material damage only
2023,2,50.0,False,52.250635,4.823361,119.806,10.0,31685.0,1749.0,0.0,11.69078162771958,7.801498791297341,15.385850120870266,34990.1,4.902983257229832,60585.8,80.60153102336825,1013.9606392694063,False,0,0,0,0,0,0,0,1,0,0,0,0,0,0,0,1,0,0,0,0,0,0,1,0,0,0,1,0,0,0,0,1,0,0,0,0,0,0,1,material damage only
2024,2,50.0,False,52.093197,4.321803,487.675,651.0,566221.0,6868.0,0.0,11.734972677595628,7.98906300225008,15.34095949855352,32605.3,4.629253254167618,55154.1,82.14263902282224,1014.3126766985865,False,0,0,0,0,0,0,0,0,0,0,0,1,0,0,0,0,0,0,0,1,0,0,1,0,0,0,0,1,0,0,0,1,0,0,0,0,1,0,0,injury
2024,3,50.0,False,53.109843,6.108336,117.64,25.0,56661.0,484.0,0.0,11.734972677595628,7.98906300225008,15.34095949855352,32605.3,4.629253254167618,55154.1,82.14263902282224,1014.3126766985865,False,0,0,1,0,0,0,0,0,0,0,0,0,0,0,1,0,0,0,0,0,0,0,1,0,0,0,1,0,0,0,0,0,1,0,0,0,0,0,1,injury
2024,2,50.0,False,51.988612,5.908057,335.747,67.0,167632.0,1715.0,0.0,11.734972677595628,7.98906300225008,15.34095949855352,32605.3,4.629253254167618,55154.1,82.14263902282224,1014.3126766985865,False,0,0,0,1,0,0,0,0,0,0,0,0,0,0,1,0,0,0,0,0,0,0,0,0,1,0,0,1,0,0,1,0,0,0,0,0,1,0,0,material damage only
2024,1,30.0,False,52.021889,4.357978,122.823,280.0,109577.0,4835.0,0.0,11.734972677595628,7.98906300225008,15.34095949855352,32605.3,4.629253254167618,55154.1,82.14263902282224,1014.3126766985865,False,0,0,0,0,0,0,0,0,0,0,0,1,0,1,0,0,0,0,0,0,0,0,1,0,0,0,1,0,0,0,0,1,0,0,0,0,0,0,1,injury
2024,2,50.0,False,52.159939,5.377807,210.242,139.0,161852.0,2590.0,0.0,11.734972677595628,7.98906300225008,15.34095949855352,32605.3,4.629253254167618,55154.1,82.14263902282224,1014.3126766985865,False,0,0,0,0,0,0,0,0,0,1,0,0,0,0,1,0,0,0,0,0,0,0,0,0,1,0,0,1,0,0,1,0,0,0,0,0,1,0,0,injury
2024,2,30.0,False,51.590627,4.657817,108.585,69.0,45237.0,818.0,0.0,11.734972677595628,7.98906300225008,15.34095949855352,32605.3,4.629253254167618,55154.1,82.14263902282224,1014.3126766985865,False,0,0,0,0,0,0,1,0,0,0,0,0,0,0,1,0,0,0,0,0,0,0,1,0,0,0,0,0,1,0,1,0,0,0,0,0,0,0,1,injury
2024,2,30.0,False,51.46947,5.701609,392.497,228.0,95874.0,1803.0,0.0,11.734972677595628,7.98906300225008,15.34095949855352,32605.3,4.629253254167618,55154.1,82.14263902282224,1014.3126766985865,False,0,0,0,0,0,0,1,0,0,0,0,0,0,0,0,0,0,0,0,1,0,0,1,0,0,0,1,0,0,0,0,1,0,0,0,0,0,0,1,material damage only
2024,2,30.0,False,52.362511,4.805888,1254.468,2166.0,931298.0,4950.0,0.0,11.734972677595628,7.98906300225008,15.34095949855352,32605.3,4.629253254167618,55154.1,82.14263902282224,1014.3126766985865,False,0,0,0,0,0,0,0,1,0,0,0,0,0,0,0,0,0,0,0,1,0,0,1,0,0,0,1,0,0,0,0,1,0,0,0,0,0,0,1,material damage only
2024,2,30.0,False,52.041338,4.481607,191.318,32.0,128434.0,3730.0,0.0,11.734972677595628,7.98906300225008,15.34095949855352,32605.3,4.629253254167618,55154.1,82.14263902282224,1014.3126766985865,False,0,0,0,0,0,0,0,0,0,0,0,1,0,0,0,1,0,0,0,0,0,0,1,0,0,0,0,1,0,0,0,1,0,0,0,0,1,0,0,material damage only
2024,2,50.0,False,51.596615,4.781423,288.765,205.0,188078.0,1496.0,0.0,11.734972677595628,7.98906300225008,15.34095949855352,32605.3,4.629253254167618,55154.1,82.14263902282224,1014.3126766985865,False,0,0,0,0,0,0,1,0,0,0,0,0,0,0,1,0,0,0,0,0,0,0,1,0,0,0,1,0,0,0,1,0,0,0,0,0,0,0,1,injury