year,party_count,speed_limit_kmh,alcohol_indicated,latitude,longitude,km_total,bicycle_parking_count,population,population_density_km2,station_id,weather_temp_mean_c,weather_temp_min_c,weather_temp_max_c,weather_precip_mm_total,weather_wind_mean_ms,weather_sunshine_hours_total,weather_humidity_mean_pct,weather_pressure_mean_hpa,weather_desde_estacion,province_Drenthe,province_Flevoland,province_Friesland,province_Gelderland,province_Groningen,province_Limburg,province_Noord-Brabant,province_Noord-Holland,province_Overijssel,province_Utrecht,province_Zeeland,province_Zuid-Holland,accident_type_Dier,accident_type_Eenzijdig,accident_type_Flank,accident_type_Frontaal,accident_type_Geparkeerd voertuig,accident_type_Kop/staart,accident_type_Los voorwerp,accident_type_Onbekend,accident_type_Vast voorwerp,accident_type_Voetganger,weather_label_clear,weather_label_fog,weather_label_rain,weather_label_unknown,periodo_luz_dia,periodo_luz_noche,periodo_luz_otro,road_situation_Bocht,"road_situation_Kruispunt, 3 takken","road_situation_Kruispunt, 4 takken",road_situation_Rechte weg,"road_situation_Rechte weg, gescheiden rijbanen",road_situation_Rotonde,road_situation_Uitvoegstrook op (auto)snelweg,road_lighting_Brandend,road_lighting_Niet aanwezig,road_lighting_Niet brandend,severity_label
2023,3,50.0,False,52.363326,4.89217,1254.468,2166.0,931298.0,4950.0,0.0,11.69078162771958,7.801498791297341,15.385850120870266,34990.1,4.902983257229832,60585.8,80.60153102336825,1013.9606392694063,False,0,0,0,0,0,0,0,1,0,0,0,0,0,0,0,0,0,0,0,1,0,0,1,0,0,0,0,1,0,0,0,0,1,0,0,0,1,0,0,injury
2023,2,30.0,False,52.159376,4.469599,139.091,103.0,130108.0,5954.0,0.0,11.69078162771958,7.801498791297341,15.385850120870266,34990.1,4.902983257229832,60585.8,80.60153102336825,1013.9606392694063,False,0,0,0,0,0,0,0,0,0,0,0,1,0,0,0,0,0,0,0,1,0,0,1,0,0,0,1,0,0,0,1,0,0,0,0,0,0,0,1,injury
2023,2,30.0,False,52.130993,4.49321,139.091,103.0,130108.0,5954.0,0.0,11.69078162771958,7.801498791297341,15.385850120870266,34990.1,4.902983257229832,60585.8,80.60153102336825,1013.9606392694063,False,0,0,0,0,0,0,0,0,0,0,0,1,0,0,1,0,0,0,0,0,0,0,0,0,1,0,1,0,0,0,0,0,1,0,0,0,0,0,1,material damage only
2023,2,50.0,False,51.46342,5.45797,390.887,502.0,246417.0,2800.0,0.0,11.69078162771958,7.801498791297341,15.385850120870266,34990.1,4.902983257229832,60585.8,80.60153102336825,1013.9606392694063,False,0,0,0,0,0,0,1,0,0,0,0,0,0,1,0,0,0,0,0,0,0,0,1,0,0,0,1,0,0,0,0,1,0,0,0,0,0,0,1,material damage only
2024,2,50.0,True,52.675278,4.838823,162.559,6.0,90076.0,1455.0,0.0,11.734972677595628,7.98906300225008,15.34095949855352,32605.3,4.629253254167618,55154.1,82.14263902282224,1014.3126766985865,False,0,0,0,0,0,0,0,1,0,0,0,0,0,0,0,1,0,0,0,0,0,0,1,0,0,0,1,0,0,0,0,0,0,0,1,0,0,0,1,material damage only
2023,2,30.0,False,52.059599,5.248595,122.457,9.0,66641.0,1374.0,0.0,11.69078162771958,7.801498791297341,15.385850120870266,34990.1,4.902983257229832,60585.8,80.60153102336825,1013.9606392694063,False,0,0,0,0,0,0,0,0,0,1,0,0,0,0,1,0,0,0,0,0,0,0,0,0,1,0,1,0,0,0,0,0,1,0,0,0,0,0,1,injury
2023,2,50.0,False,52.953479,4.750812,125.843,60.0,56432.0,1251.0,235.0,11.683835616438357,8.771506849315069,14.441095890410958,1116.9,5.564931506849315,1954.1,80.58082191780822,1013.3128767123288,True,0,0,0,0,0,0,0,1,0,0,0,0,0,0,0,0,0,0,0,1,0,0,1,0,0,0,0,1,0,0,0,0,1,0,0,0,1,0,0,material damage only
2024,1,30.0,False,52.348593,5.620762,320.465,20.0,49387.0,1269.0,0.0,11.734972677595628,7.98906300225008,15.34095949855352,32605.3,4.629253254167618,55154.1,82.14263902282224,1014.3126766985865,False,0,0,0,1,0,0,0,0,0,0,0,0,0,1,0,0,0,0,0,0,0,0,1,0,0,0,0,1,0,0,0,1,0,0,0,0,1,0,0,injury
2023,2,80.0,False,52.31984,6.974158,83.245,4.0,23376.0,237.0,0.0,11.69078162771958,7.801498791297341,15.385850120870266,34990.1,4.902983257229832,60585.8,80.60153102336825,1013.9606392694063,False,0,0,0,0,0,0,0,0,1,0,0,0,0,0,0,0,0,0,0,0,0,1,1,0,0,0,1,0,0,0,0,0,1,0,0,0,0,0,1,injury
2024,2,50.0,False,51.456329,3.552609,85.387,51.0,45389.0,1321.0,310.0,12.247540983606559,9.833606557377049,15.008743169398906,921.3,6.174863387978142,1793.0,81.70491803278688,1014.5737704918033,True,0,0,0,0,0,0,0,0,0,0,1,0,0,0,0,1,0,0,0,0,0,0,1,0,0,0,1,0,0,0,0,0,0,0,1,0,0,0,1,material damage only
2023,1,50.0,False,52.133085,4.655213,214.752,17.0,114966.0,913.0,0.0,11.69078162771958,7.801498791297341,15.385850120870266,34990.1,4.902983257229832,60585.8,80.60153102336825,1013.9606392694063,False,0,0,0,0,0,0,0,0,0,0,0,1,0,0,0,0,0,0,0,1,0,0,1,0,0,0,1,0,0,0,0,0,1,0,0,0,0,0,1,material damage only
2023,3,50.0,False,51.944918,4.554968,1465.201,1076.0,670610.0,3070.0,0.0,11.69078162771958,7.801498791297341,15.385850120870266,34990.1,4.902983257229832,60585.8,80.60153102336825,1013.9606392694063,False,0,0,0,0,0,0,0,0,0,0,0,1,0,0,0,0,0,0,0,1,0,0,0,0,1,0,0,1,0,0,0,0,1,0,0,0,1,0,0,injury
2024,2,50.0,False,52.191854,6.866539,322.351,131.0,161738.0,1149.0,0.0,11.734972677595628,7.98906300225008,15.34095949855352,32605.3,4.629253254167618,55154.1,82.14263902282224,1014.3126766985865,False,0,0,0,0,0,0,0,0,1,0,0,0,0,0,1,0,0,0,0,0,0,0,1,0,0,0,1,0,0,0,0,0,0,0,1,0,0,0,1,material damage only
2024,3,50.0,False,51.425923,4.158667,109.818,11.0,23325.0,229.0,0.0,11.734972677595628,7.98906300225008,15.34095949855352,32605.3,4.629253254167618,55154.1,82.14263902282224,1014.3126766985865,False,0,0,0,0,0,0,0,0,0,0,1,0,0,0,0,0,0,0,0,1,0,0,0,0,0,1,1,0,0,0,0,0,0,0,0,0,0,0,0,injury
2024,1,50.0,False,51.408332,4.177234,109.818,11.0,23325.0,229.0,0.0,11.734972677595628,7.98906300225008,15.34095949855352,32605.3,4.629253254167618,55154.1,82.14263902282224,1014.3126766985865,False,0,0,0,0,0,0,0,0,0,0,1,0,0,0,0,0,0,0,0,1,0,0,0,0,0,1,1,0,0,0,0,0,0,0,0,0,0,0,0,injury
2023,2,30.0,False,52.042639,5.669206,605.638,166.0,123532.0,388.0,0.0,11.69078162771958,7.801498791297341,15.385850120870266,34990.1,4.902983257229832,60585.8,80.60153102336825,1013.9606392694063,False,0,0,0,1,0,0,0,0,0,0,0,0,0,0,1,0,0,0,0,0,0,0,1,0,0,0,1,0,0,0,0,0,1,0,0,0,0,0,1,injury
2024,2,30.0,False,51.547144,5.094074,312.985,136.0,229836.0,1826.0,0.0,11.734972677595628,7.98906300225008,15.34095949855352,32605.3,4.629253254167618,55154.1,82.14263902282224,1014.3126766985865,False,0,0,0,0,0,0,1,0,0,0,0,0,0,0,0,0,0,0,0,1,0,0,0,0,0,1,1,0,0,0,0,0,0,0,0,0,0,0,0,material damage only
2023,2,30.0,False,53.218995,6.56297,403.704,240.0,243768.0,1314.0,0.0,11.69078162771958,7.801498791297341,15.385850120870266,34990.1,4.902983257229832,60585.8,80.60153102336825,1013.9606392694063,False,0,0,0,0,1,0,0,0,0,0,0,0,0,0,0,0,0,1,0,0,0,0,1,0,0,0,1,0,0,0,0,0,1,0,0,0,0,0,1,material damage only
2023,2,30.0,False,52.355499,4.893133,1254.468,2166.0,931298.0,4950.0,0.0,11.69078162771958,7.801498791297341,15.385850120870266,34990.1,4.902983257229832,60585.8,80.60153102336825,1013.9606392694063,False,0,0,0,0,0,0,0,1,0,0,0,0,0,0,0,0,0,0,0,0,0,1,1,0,0,0,1,0,0,0,0,1,0,0,0,0,0,0,1,injury
2023,2,50.0,False,52.169237,4.513167,139.091,103.0,130108.0,5954.0,0.0,11.69078162771958,7.801498791297341,15.385850120870266,34990.1,4.902983257229832,60585.8,80.60153102336825,1013.9606392694063,False,0,0,0,0,0,0,0,0,0,0,0,1,0,1,0,0,0,0,0,0,0,0,1,0,0,0,1,0,0,0,0,0,1,0,0,0,0,0,1,material damage only
2023,2,50.0,False,52.111707,4.284355,487.675,651.0,566221.0,6868.0,0.0,11.69078162771958,7.801498791297341,15.385850120870266,34990.1,4.902983257229832,60585.8,80.60153102336825,1013.9606392694063,False,0,0,0,0,0,0,0,0,0,0,0,1,0,0,1,0,0,0,0,0,0,0,1,0,0,0,1,0,0,0,0,1,0,0,0,0,0,0,1,injury
2023,2,50.0,False,53.206971,6.507425,403.704,240.0,243768.0,1314.0,0.0,11.69078162771958,7.801498791297341,15.385850120870266,34990.1,4.902983257229832,60585.8,80.60153102336825,1013.9606392694063,False,0,0,0,0,1,0,0,0,0,0,0,0,0,0,1,0,0,0,0,0,0,0,1,0,0,0,1,0,0,0,0,1,0,0,0,0,0,0,1,injury
2023,2,30.0,False,52.008778,5.037326,40.332,10.0,33421.0,1591.0,0.0,11.69078162771958,7.801498791297341,15.385850120870266,34990.1,4.902983257229832,60585.8,80.60153102336825,1013.9606392694063,False,0,0,0,0,0,0,0,0,0,1,0,0,0,0,1,0,0,0,0,0,0,0,1,0,0,0,0,1,0,0,0,1,0,0,0,0,1,0,0,material damage only
2023,2,50.0,False,51.908189,4.107496,285.665,84.0,74304.0,610.0,0.0,11.69078162771958,7.801498791297341,15.385850120870266,34990.1,4.902983257229832,60585.8,80.60153102336825,1013.9606392694063,False,0,0,0,0,0,0,0,0,0,0,0,1,0,0,0,0,0,0,0,1,0,0,0,0,0,1,1,0,0,0,0,0,0,0,0,0,0,0,0,injury
2023,2,50.0,False,51.834226,4.129729,285.665,84.0,74304.0,610.0,0.0,11.69078162771958,7.801498791297341,15.385850120870266,34990.1,4.902983257229832,60585.8,80.60153102336825,1013.9606392694063,False,0,0,0,0,0,0,0,0,0,0,0,1,0,0,1,0,0,0,0,0,0,0,1,0,0,0,1,0,0,0,1,0,0,0,0,0,0,0,1,injury
2024,2,60.0,False,51.668292,5.673051,428.439,55.0,59222.0,431.0,375.0,11.78032786885246,7.506010928961748,15.845081967213115,906.5,3.5890710382513658,1706.6,82.19398907103825,1014.7117486338798,True,0,0,0,0,0,0,1,0,0,0,0,0,0,0,0,0,0,0,0,1,0,0,1,0,0,0,1,0,0,0,1,0,0,0,0,0,0,0,1,material damage only
2024,1,50.0,False,52.129041,4.657168,214.752,17.0,114966.0,913.0,0.0,11.734972677595628,7.98906300225008,15.34095949855352,32605.3,4.629253254167618,55154.1,82.14263902282224,1014.3126766985865,False,0,0,0,0,0,0,0,0,0,0,0,1,0,1,0,0,0,0,0,0,0,0,1,0,0,0,1,0,0,0,0,0,1,0,0,0,0,0,1,injury
2024,1,50.0,False,52.395672,4.920698,1254.468,2166.0,931298.0,4950.0,0.0,11.734972677595628,7.98906300225008,15.34095949855352,32605.3,4.629253254167618,55154.1,82.14263902282224,1014.3126766985865,False,0,0,0,0,0,0,0,1,0,0,0,0,0,0,0,0,0,0,0,1,0,0,1,0,0,0,0,1,0,1,0,0,0,0,0,0,1,0,0,material damage only
2024,2,30.0,False,53.151381,5.840816,288.349,34.0,128810.0,542.0,270.0,11.312568306010927,7.6259562841530055,14.743169398907105,1068.1,4.766666666666667,1751.4,83.46994535519126,1013.6918032786886,True,0,0,1,0,0,0,0,0,0,0,0,0,0,0,1,0,0,0,0,0,0,0,1,0,0,0,1,0,0,0,1,0,0,0,0,0,0,0,1,material damage only
2024,2,50.0,False,52.619991,4.747578,167.479,24.0,112304.0,1018.0,0.0,11.734972677595628,7.98906300225008,15.34095949855352,32605.3,4.629253254167618,55154.1,82.14263902282224,1014.3126766985865,False,0,0,0,0,0,0,0,1,0,0,0,0,0,0,1,0,0,0,0,0,0,0,1,0,0,0,1,0,0,0,0,0,1,0,0,0,0,0,1,injury
2024,2,30.0,False,52.367916,4.919398,1254.468,2166.0,931298.0,4950.0,0.0,11.734972677595628,7.98906300225008,15.34095949855352,32605.3,4.629253254167618,55154.1,82.14263902282224,1014.3126766985865,False,0,0,0,0,0,0,0,1,0,0,0,0,0,0,0,0,0,0,0,1,0,0,1,0,0,0,1,0,0,0,0,0,1,0,0,0,0,0,1,material damage only
2024,1,50.0,False,52.409957,5.868871,113.193,4.0,23906.0,375.0,0.0,11.734972677595628,7.98906300225008,15.34095949855352,32605.3,4.629253254167618,55154.1,82.14263902282224,1014.3126766985865,False,0,0,0,1,0,0,0,0,0,0,0,0,0,0,0,0,0,0,0,1,0,0,1,0,0,0,1,0,0,0,0,0,1,0,0,0,0,0,1,material damage only
2024,2,50.0,False,52.656526,5.075399,197.018,37.0,75645.0,3713.0,0.0,11.734972677595628,7.98906300225008,15.34095949855352,32605.3,4.629253254167618,55154.1,82.14263902282224,1014.3126766985865,False,0,0,0,0,0,0,0,1,0,0,0,0,0,0,1,0,0,0,0,0,0,0,1,0,0,0,1,0,0,0,0,1,0,0,0,0,0,0,1,injury
2024,2,50.0,False,52.04329,5.673079,605.638,166.0,123532.0,388.0,0.0,11.734972677595628,7.98906300225008,15.34095949855352,32605.3,4.629253254167618,55154.1,82.14263902282224,1014.3126766985865,False,0,0,0,1,0,0,0,0,0,0,0,0,0,0,1,0,0,0,0,0,0,0,1,0,0,0,0,1,0,0,0,1,0,0,0,0,1,0,0,injury
2024,2,30.0,False,52.66389,4.823945,162.559,6.0,90076.0,1455.0,0.0,11.734972677595628,7.98906300225008,15.34095949855352,32605.3,4.629253254167618,55154.1,82.14263902282224,1014.3126766985865,False,0,0,0,0,0,0,0,1,0,0,0,0,0,0,1,0,0,0,0,0,0,0,0,0,1,0,1,0,0,0,0,1,0,0,0,0,0,0,1,injury
2024,2,50.0,False,52.296711,4.680502,656.629,480.0,163128.0,827.0,0.0,11.734972677595628,7.98906300225008,15.34095949855352,32605.3,4.629253254167618,55154.1,82.14263902282224,1014.3126766985865,False,0,0,0,0,0,0,0,1,0,0,0,0,0,0,1,0,0,0,0,0,0,0,1,0,0,0,1,0,0,0,1,0,0,0,0,0,0,0,1,injury
2024,2,30.0,False,52.05957,4.314896,487.675,651.0,566221.0,6868.0,0.0,11.734972677595628,7.98906300225008,15.34095949855352,32605.3,4.629253254167618,55154.1,82.14263902282224,1014.3126766985865,False,0,0,0,0,0,0,0,0,0,0,0,1,0,0,0,1,0,0,0,0,0,0,1,0,0,0,1,0,0,0,0,0,1,0,0,0,0,0,1,injury
2024,2,30.0,False,52.356231,4.82757,1254.468,2166.0,931298.0,4950.0,0.0,11.734972677595628,7.98906300225008,15.34095949855352,32605.3,4.629253254167618,55154.1,82.14263902282224,1014.3126766985865,False,0,0,0,0,0,0,0,1,0,0,0,0,0,0,1,0,0,0,0,0,0,0,1,0,0,0,1,0,0,0,0,1,0,0,0,0,0,0,1,material damage only
2024,1,50.0,False,51.86748,4.361126,1465.201,1076.0,670610.0,3070.0,0.0,11.734972677595628,7.98906300225008,15.34095949855352,32605.3,4.629253254167618,55154.1,82.14263902282224,1014.3126766985865,False,0,0,0,0,0,0,0,0,0,0,0,1,0,0,0,0,0,0,0,1,0,0,1,0,0,0,1,0,0,0,0,0,1,0,0,0,0,0,1,material damage only
2024,2,30.0,False,53.235845,6.570999,403.704,240.0,243768.0,1314.0,0.0,11.734972677595628,7.98906300225008,15.34095949855352,32605.3,4.629253254167618,55154.1,82.14263902282224,1014.3126766985865,False,0,0,0,0,1,0,0,0,0,0,0,0,0,0,0,0,0,0,0,1,0,0,1,0,0,0,1,0,0,0,0,0,1,0,0,0,0,0,1,material damage only
2024,2,50.0,False,51.876919,4.456791,1465.201,1076.0,670610.0,3070.0,0.0,11.734972677595628,7.98906300225008,15.34095949855352,32605.3,4.629253254167618,55154.1,82.14263902282224,1014.3126766985865,False,0,0,0,0,0,0,0,0,0,0,0,1,0,0,1,0,0,0,0,0,0,0,1,0,0,0,1,0,0,0,0,1,0,0,0,0,0,0,1,injury
2024,2,30.0,False,52.001108,4.361516,122.823,280.0,109577.0,4835.0,0.0,11.734972677595628,7.98906300225008,15.34095949855352,32605.3,4.629253254167618,55154.1,82.14263902282224,1014.3126766985865,False,0,0,0,0,0,0,0,0,0,0,0,1,0,0,1,0,0,0,0,0,0,0,1,0,0,0,0,0,1,0,0,0,1,0,0,0,1,0,0,injury
2024,2,50.0,False,52.306006,4.856434,365.397,69.0,95014.0,2311.0,240.0,11.974043715846994,8.361748633879781,15.433606557377049,1047.1,4.898087431693989,1757.8,81.7431693989071,1014.1232240437158,True,0,0,0,0,0,0,0,1,0,0,0,0,0,0,0,0,0,0,0,1,0,0,1,0,0,0,1,0,0,0,0,0,0,0,1,0,0,0,1,material damage only
2024,1,60.0,False,52.383444,4.68864,656.629,480.0,163128.0,827.0,0.0,11.734972677595628,7.98906300225008,15.34095949855352,32605.3,4.629253254167618,55154.1,82.14263902282224,1014.3126766985865,False,0,0,0,0,0,0,0,1,0,0,0,0,0,0,0,1,0,0,0,0,0,0,1,0,0,0,1,0,0,0,0,0,1,0,0,0,0,0,1,injury
2024,2,30.0,False,52.362821,4.896181,1254.468,2166.0,931298.0,4950.0,0.0,11.734972677595628,7.98906300225008,15.34095949855352,32605.3,4.629253254167618,55154.1,82.14263902282224,1014.3126766985865,False,0,0,0,0,0,0,0,1,0,0,0,0,0,0,0,0,0,0,0,1,0,0,1,0,0,0,1,0,0,0,0,0,1,0,0,0,0,0,1,injury
2024,2,30.0,False,51.832441,4.645247,77.962,18.0,32689.0,3209.0,0.0,11.734972677595628,7.98906300225008,15.34095949855352,32605.3,4.629253254167618,55154.1,82.14263902282224,1014.3126766985865,False,0,0,0,0,0,0,0,0,0,0,0,1,0,0,1,0,0,0,0,0,0,0,1,0,0,0,1,0,0,0,0,0,1,0,0,0,0,0,1,injury
2024,1,60.0,False,52.282046,4.48377,105.36,11.0,45734.0,784.0,0.0,11.734972677595628,7.98906300225008,15.34095949855352,32605.3,4.629253254167618,55154.1,82.14263902282224,1014.3126766985865,False,0,0,0,0,0,0,0,0,0,0,0,1,0,1,0,0,0,0,0,0,0,0,0,0,1,0,1,0,0,0,0,0,0,0,0,0,0,1,0,injury
2024,2,30.0,False,51.493775,3.900075,101.617,13.0,39682.0,429.0,323.0,12.066393442622951,8.747267759562842,15.458469945355192,990.7,4.5239669421487605,1771.3,81.86612021857924,1014.5893442622951,True,0,0,0,0,0,0,0,0,0,0,1,0,0,0,0,0,0,0,0,1,0,0,1,0,0,0,1,0,0,0,0,1,0,0,0,0,0,0,1,injury
2024,2,30.0,False,52.063339,4.530939,191.318,32.0,128434.0,3730.0,0.0,11.734972677595628,7.98906300225008,15.34095949855352,32605.3,4.629253254167618,55154.1,82.14263902282224,1014.3126766985865,False,0,0,0,0,0,0,0,0,0,0,0,1,0,0,1,0,0,0,0,0,0,0,1,0,0,0,1,0,0,0,0,1,0,0,0,0,0,0,1,injury
2024,2,50.0,False,51.984847,4.665807,111.401,12.0,47843.0,825.0,0.0,11.734972677595628,7.98906300225008,15.34095949855352,32605.3,4.629253254167618,55154.1,82.14263902282224,1014.3126766985865,False,0,0,0,0,0,0,0,0,0,0,0,1,0,0,1,0,0,0,0,0,0,0,0,0,1,0,1,0,0,0,1,0,0,0,0,0,0,0,1,injury
2024,2,30.0,False,52.370697,4.830543,1254.468,2166.0,931298.0,4950.0,0.0,11.734972677595628,7.98906300225008,15.34095949855352,32605.3,4.629253254167618,55154.1,82.14263902282224,1014.3126766985865,False,0,0,0,0,0,0,0,1,0,0,0,0,0,0,1,0,0,0,0,0,0,0,1,0,0,0,1,0,0,0,0,0,0,0,1,0,0,0,1,material damage only
2024,2,30.0,False,51.980073,4.469782,1465.201,1076.0,670610.0,3070.0,0.0,11.734972677595628,7.98906300225008,15.34095949855352,32605.3,4.629253254167618,55154.1,82.14263902282224,1014.3126766985865,False,0,0,0,0,0,0,0,0,0,0,0,1,0,0,1,0,0,0,0,0,0,0,1,0,0,0,1,0,0,0,0,1,0,0,0,0,0,0,1,injury
2024,2,50.0,False,52.383911,4.650851,161.888,173.0,167636.0,5739.0,0.0,11.734972677595628,7.98906300225008,15.34095949855352,32605.3,4.629253254167618,55154.1,82.14263902282224,1014.3126766985865,False,0,0,0,0,0,0,0,1,0,0,0,0,0,0,1,0,0,0,0,0,0,0,1,0,0,0,1,0,0,0,1,0,0,0,0,0,0,0,1,injury
2024,2,50.0,False,51.903616,4.504595,1465.201,1076.0,670610.0,3070.0,0.0,11.734972677595628,7.98906300225008,15.34095949855352,32605.3,4.629253254167618,55154.1,82.14263902282224,1014.3126766985865,False,0,0,0,0,0,0,0,0,0,0,0,1,0,0,1,0,0,0,0,0,0,0,1,0,0,0,1,0,0,0,1,0,0,0,0,0,0,0,1,injury
2024,1,30.0,False,51.987617,4.284481,93.312,28.0,19377.0,411.0,0.0,11.734972677595628,7.98906300225008,15.34095949855352,32605.3,4.629253254167618,55154.1,82.14263902282224,1014.3126766985865,False,0,0,0,0,0,0,0,0,0,0,0,1,0,0,1,0,0,0,0,0,0,0,1,0,0,0,1,0,0,0,0,0,1,0,0,0,0,0,1,injury
2024,2,60.0,False,51.907051,4.599352,167.74,30.0,57785.0,390.0,0.0,11.734972677595628,7.98906300225008,15.34095949855352,32605.3,4.629253254167618,55154.1,82.14263902282224,1014.3126766985865,False,0,0,0,0,0,0,0,0,0,0,0,1,0,0,1,0,0,0,0,0,0,0,1,0,0,0,1,0,0,0,0,0,0,0,1,0,0,0,1,injury
2024,2,30.0,False,52.361521,4.915181,1254.468,2166.0,931298.0,4950.0,0.0,11.734972677595628,7.98906300225008,15.34095949855352,32605.3,4.629253254167618,55154.1,82.14263902282224,1014.3126766985865,False,0,0,0,0,0,0,0,1,0,0,0,0,0,0,1,0,0,0,0,0,0,0,1,0,0,0,1,0,0,0,0,1,0,0,0,0,0,0,1,injury
2024,1,30.0,False,51.911565,4.589436,72.789,12.0,29626.0,3861.0,0.0,11.734972677595628,7.98906300225008,15.34095949855352,32605.3,4.629253254167618,55154.1,82.14263902282224,1014.3126766985865,False,0,0,0,0,0,0,0,0,0,0,0,1,0,1,0,0,0,0,0,0,0,0,1,0,0,0,1,0,0,0,0,1,0,0,0,0,0,0,1,injury
2024,1,50.0,False,51.65638,5.615233,428.439,55.0,59222.0,431.0,375.0,11.78032786885246,7.506010928961748,15.845081967213115,906.5,3.5890710382513658,1706.6,82.19398907103825,1014.7117486338798,True,0,0,0,0,0,0,1,0,0,0,0,0,0,0,0,0,0,0,0,1,0,0,1,0,0,0,1,0,0,0,0,0,0,0,1,0,0,0,1,material damage only
2024,2,30.0,False,52.394712,5.2803,1074.57,179.0,226500.0,1753.0,0.0,11.734972677595628,7.98906300225008,15.34095949855352,32605.3,4.629253254167618,55154.1,82.14263902282224,1014.3126766985865,False,0,1,0,0,0,0,0,0,0,0,0,0,0,0,1,0,0,0,0,0,0,0,1,0,0,0,1,0,0,0,0,1,0,0,0,0,0,0,1,injury
2024,2,30.0,False,52.041347,4.409005,101.833,60.0,57932.0,1571.0,0.0,11.734972677595628,7.98906300225008,15.34095949855352,32605.3,4.629253254167618,55154.1,82.14263902282224,1014.3126766985865,False,0,0,0,0,0,0,0,0,0,0,0,1,0,0,0,0,0,0,0,1,0,0,0,0,0,1,1,0,0,0,0,0,0,0,0,0,0,0,0,material damage only
2024,2,50.0,False,52.096959,5.083102,383.842,532.0,374238.0,3991.0,0.0,11.734972677595628,7.98906300225008,15.34095949855352,32605.3,4.629253254167618,55154.1,82.14263902282224,1014.3126766985865,False,0,0,0,0,0,0,0,0,0,1,0,0,0,0,1,0,0,0,0,0,0,0,1,0,0,0,0,1,0,0,0,0,1,0,0,0,0,0,1,injury
2024,2,50.0,False,52.143675,4.460301,39.715,46.0,25625.0,2306.0,215.0,11.820218579234972,7.981693989071038,15.263387978142076,1058.4,4.4571038251366115,1776.4,82.04371584699453,1014.283606557377,True,0,0,0,0,0,0,0,0,0,0,0,1,0,0,0,0,0,0,0,1,0,0,1,0,0,0,1,0,0,0,0,1,0,0,0,0,0,0,1,injury
2024,2,50.0,False,52.507163,4.967193,148.015,14.0,95168.0,1017.0,0.0,11.734972677595628,7.98906300225008,15.34095949855352,32605.3,4.629253254167618,55154.1,82.14263902282224,1014.3126766985865,False,0,0,0,0,0,0,0,1,0,0,0,0,0,0,1,0,0,0,0,0,0,0,1,0,0,0,1,0,0,0,0,0,0,0,1,0,0,0,1,injury
2024,2,30.0,False,50.97775,5.865298,187.886,13.0,92650.0,1179.0,0.0,11.734972677595628,7.98906300225008,15.34095949855352,32605.3,4.629253254167618,55154.1,82.14263902282224,1014.3126766985865,False,0,0,0,0,0,1,0,0,0,0,0,0,0,0,1,0,0,0,0,0,0,0,0,0,1,0,1,0,0,0,0,1,0,0,0,0,0,0,1,material damage only
2024,2,30.0,False,52.52327,6.115119,453.314,142.0,133141.0,1203.0,0.0,11.734972677595628,7.98906300225008,15.34095949855352,32605.3,4.629253254167618,55154.1,82.14263902282224,1014.3126766985865,False,0,0,0,0,0,0,0,0,1,0,0,0,0,0,0,0,0,0,0,1,0,0,1,0,0,0,1,0,0,0,0,0,1,0,0,0,0,1,0,material damage only
2024,2,30.0,False,52.491006,4.805222,13.761,2.0,16552.0,430.0,0.0,11.734972677595628,7.98906300225008,15.34095949855352,32605.3,4.629253254167618,55154.1,82.14263902282224,1014.3126766985865,False,0,0,0,0,0,0,0,1,0,0,0,0,0,0,1,0,0,0,0,0,0,0,1,0,0,0,1,0,0,0,0,1,0,0,0,0,0,0,1,material damage only
2023,1,30.0,False,51.9647,5.929294,335.747,67.0,167632.0,1715.0,0.0,11.69078162771958,7.801498791297341,15.385850120870266,34990.1,4.902983257229832,60585.8,80.60153102336825,1013.9606392694063,False,0,0,0,1,0,0,0,0,0,0,0,0,0,1,0,0,0,0,0,0,0,0,1,0,0,0,1,0,0,0,0,0,1,0,0,0,0,0,1,injury
2023,2,50.0,False,53.222107,6.56849,403.704,240.0,243768.0,1314.0,0.0,11.69078162771958,7.801498791297341,15.385850120870266,34990.1,4.902983257229832,60585.8,80.60153102336825,1013.9606392694063,False,0,0,0,0,1,0,0,0,0,0,0,0,0,1,0,0,0,0,0,0,0,0,0,0,0,1,0,1,0,0,1,0,0,0,0,0,1,0,0,injury
2023,2,50.0,False,52.37787,4.624385,161.888,173.0,167636.0,5739.0,0.0,11.69078162771958,7.801498791297341,15.385850120870266,34990.1,4.902983257229832,60585.8,80.60153102336825,1013.9606392694063,False,0,0,0,0,0,0,0,1,0,0,0,0,0,0,1,0,0,0,0,0,0,0,1,0,0,0,1,0,0,0,0,1,0,0,0,0,0,0,1,injury
2023,1,15.0,False,51.447007,5.475404,390.887,502.0,246417.0,2800.0,0.0,11.69078162771958,7.801498791297341,15.385850120870266,34990.1,4.902983257229832,60585.8,80.60153102336825,1013.9606392694063,False,0,0,0,0,0,0,1,0,0,0,0,0,0,0,0,0,0,0,0,0,0,1,1,0,0,0,1,0,0,0,0,0,1,0,0,0,0,0,1,material damage only
2023,2,50.0,False,50.822314,5.70098,168.412,173.0,125285.0,2246.0,0.0,11.69078162771958,7.801498791297341,15.385850120870266,34990.1,4.902983257229832,60585.8,80.60153102336825,1013.9606392694063,False,0,0,0,0,0,1,0,0,0,0,0,0,0,0,1,0,0,0,0,0,0,0,1,0,0,0,1,0,0,0,0,0,0,0,0,0,0,0,1,injury