year,party_count,speed_limit_kmh,alcohol_indicated,latitude,longitude,km_total,bicycle_parking_count,population,population_density_km2,station_id,weather_temp_mean_c,weather_temp_min_c,weather_temp_max_c,weather_precip_mm_total,weather_wind_mean_ms,weather_sunshine_hours_total,weather_humidity_mean_pct,weather_pressure_mean_hpa,weather_desde_estacion,province_Drenthe,province_Flevoland,province_Friesland,province_Gelderland,province_Groningen,province_Limburg,province_Noord-Brabant,province_Noord-Holland,province_Overijssel,province_Utrecht,province_Zeeland,province_Zuid-Holland,accident_type_Dier,accident_type_Eenzijdig,accident_type_Flank,accident_type_Frontaal,accident_type_Geparkeerd voertuig,accident_type_Kop/staart,accident_type_Los voorwerp,accident_type_Onbekend,accident_type_Vast voorwerp,accident_type_Voetganger,weather_label_clear,weather_label_fog,weather_label_rain,weather_label_unknown,periodo_luz_dia,periodo_luz_noche,periodo_luz_otro,road_situation_Bocht,"road_situation_Kruispunt, 3 takken","road_situation_Kruispunt, 4 takken",road_situation_Rechte weg,"road_situation_Rechte weg, gescheiden rijbanen",road_situation_Rotonde,road_situation_Uitvoegstrook op (auto)snelweg,road_lighting_Brandend,road_lighting_Niet aanwezig,road_lighting_Niet brandend,severity_label
2022,1,50.0,False,50.853478,5.700643,168.412,173.0,125285.0,2246.0,0.0,11.579567811643283,7.061761148294492,15.7217384292856,24005.5,4.521670480549199,70887.0,77.74770198355104,1016.9445955210238,False,0,0,0,0,0,1,0,0,0,0,0,0,0,1,0,0,0,0,0,0,0,0,1,0,0,0,1,0,0,1,0,0,0,0,0,0,0,0,1,material damage only
2022,2,30.0,False,52.211177,5.976174,670.883,172.0,168211.0,495.0,0.0,11.579567811643283,7.061761148294492,15.7217384292856,24005.5,4.521670480549199,70887.0,77.74770198355104,1016.9445955210238,False,0,0,0,1,0,0,0,0,0,0,0,0,0,0,1,0,0,0,0,0,0,0,1,0,0,0,0,1,0,0,0,0,1,0,0,0,1,0,0,material damage only
2022,1,50.0,False,52.098865,5.114668,383.842,532.0,374238.0,3991.0,0.0,11.579567811643283,7.061761148294492,15.7217384292856,24005.5,4.521670480549199,70887.0,77.74770198355104,1016.9445955210238,False,0,0,0,0,0,0,0,0,0,1,0,0,0,1,0,0,0,0,0,0,0,0,0,0,0,1,1,0,0,0,0,0,0,0,0,0,0,0,0,injury
2022,2,30.0,False,52.504537,4.666886,51.418,14.0,39452.0,1447.0,0.0,11.579567811643283,7.061761148294492,15.7217384292856,24005.5,4.521670480549199,70887.0,77.74770198355104,1016.9445955210238,False,0,0,0,0,0,0,0,1,0,0,0,0,0,0,1,0,0,0,0,0,0,0,1,0,0,0,0,1,0,0,1,0,0,0,0,0,1,0,0,material damage only
2022,2,50.0,False,52.073312,4.323812,487.675,651.0,566221.0,6868.0,0.0,11.579567811643283,7.061761148294492,15.7217384292856,24005.5,4.521670480549199,70887.0,77.74770198355104,1016.9445955210238,False,0,0,0,0,0,0,0,0,0,0,0,1,0,0,1,0,0,0,0,0,0,0,0,0,1,0,1,0,0,0,0,0,1,0,0,0,0,0,1,injury
2022,2,50.0,False,52.055357,4.494909,191.318,32.0,128434.0,3730.0,0.0,11.579567811643283,7.061761148294492,15.7217384292856,24005.5,4.521670480549199,70887.0,77.74770198355104,1016.9445955210238,False,0,0,0,0,0,0,0,0,0,0,0,1,0,0,1,0,0,0,0,0,0,0,1,0,0,0,1,0,0,0,0,1,0,0,0,0,0,0,1,injury
2022,2,30.0,False,52.395838,5.274952,1074.57,179.0,226500.0,1753.0,0.0,11.579567811643283,7.061761148294492,15.7217384292856,24005.5,4.521670480549199,70887.0,77.74770198355104,1016.9445955210238,False,0,1,0,0,0,0,0,0,0,0,0,0,0,0,1,0,0,0,0,0,0,0,1,0,0,0,1,0,0,0,0,1,0,0,0,0,0,0,1,injury
2022,2,50.0,False,51.477247,5.662656,392.497,228.0,95874.0,1803.0,0.0,11.579567811643283,7.061761148294492,15.7217384292856,24005.5,4.521670480549199,70887.0,77.74770198355104,1016.9445955210238,False,0,0,0,0,0,0,1,0,0,0,0,0,0,0,1,0,0,0,0,0,0,0,1,0,0,0,1,0,0,0,0,0,1,0,0,0,0,0,1,material damage only
2022,2,30.0,False,52.633496,4.745261,167.479,24.0,112304.0,1018.0,0.0,11.579567811643283,7.061761148294492,15.7217384292856,24005.5,4.521670480549199,70887.0,77.74770198355104,1016.9445955210238,False,0,0,0,0,0,0,0,1,0,0,0,0,0,0,1,0,0,0,0,0,0,0,1,0,0,0,1,0,0,0,0,0,1,0,0,0,0,0,1,material damage only
2022,2,50.0,False,52.426953,4.821628,157.83,33.0,161389.0,2189.0,0.0,11.579567811643283,7.061761148294492,15.7217384292856,24005.5,4.521670480549199,70887.0,77.74770198355104,1016.9445955210238,False,0,0,0,0,0,0,0,1,0,0,0,0,0,0,1,0,0,0,0,0,0,0,1,0,0,0,1,0,0,0,0,0,0,0,1,0,0,0,1,material damage only
2022,2,50.0,False,52.433798,4.839163,157.83,33.0,161389.0,2189.0,0.0,11.579567811643283,7.061761148294492,15.7217384292856,24005.5,4.521670480549199,70887.0,77.74770198355104,1016.9445955210238,False,0,0,0,0,0,0,0,1,0,0,0,0,0,0,0,0,0,0,0,1,0,0,1,0,0,0,0,0,1,0,1,0,0,0,0,0,1,0,0,material damage only
2022,2,50.0,False,52.396444,4.855135,1254.468,2166.0,931298.0,4950.0,0.0,11.579567811643283,7.061761148294492,15.7217384292856,24005.5,4.521670480549199,70887.0,77.74770198355104,1016.9445955210238,False,0,0,0,0,0,0,0,1,0,0,0,0,0,0,0,0,0,1,0,0,0,0,1,0,0,0,1,0,0,0,0,0,1,0,0,0,0,0,1,material damage only
2022,2,30.0,False,52.281334,4.862589,365.397,69.0,95014.0,2311.0,240.0,11.858356164383562,7.576712328767123,15.742465753424657,819.3,4.732602739726028,2246.9,76.74794520547945,1016.8372602739726,True,0,0,0,0,0,0,0,1,0,0,0,0,0,0,1,0,0,0,0,0,0,0,1,0,0,0,1,0,0,0,0,0,1,0,0,0,0,0,1,material damage only
2022,2,30.0,False,51.825449,4.477731,333.256,203.0,90256.0,336.0,0.0,11.579567811643283,7.061761148294492,15.7217384292856,24005.5,4.521670480549199,70887.0,77.74770198355104,1016.9445955210238,False,0,0,0,0,0,0,0,0,0,0,0,1,0,0,1,0,0,0,0,0,0,0,1,0,0,0,0,0,1,0,0,1,0,0,0,0,0,0,1,injury
2022,2,30.0,False,51.432348,5.395349,105.959,25.0,46827.0,1478.0,370.0,11.968493150684932,6.584657534246576,16.864657534246575,634.6,3.5172602739726027,2170.0,74.78356164383561,1017.3539726027398,True,0,0,0,0,0,0,1,0,0,0,0,0,0,0,1,0,0,0,0,0,0,0,0,0,1,0,0,0,1,0,0,0,1,0,0,0,1,0,0,material damage only
2022,2,30.0,False,52.38803,4.909184,1254.468,2166.0,931298.0,4950.0,0.0,11.579567811643283,7.061761148294492,15.7217384292856,24005.5,4.521670480549199,70887.0,77.74770198355104,1016.9445955210238,False,0,0,0,0,0,0,0,1,0,0,0,0,0,0,1,0,0,0,0,0,0,0,0,0,1,0,0,1,0,0,1,0,0,0,0,0,1,0,0,material damage only
2022,3,50.0,False,52.141472,4.399417,71.52,20.0,27100.0,530.0,0.0,11.579567811643283,7.061761148294492,15.7217384292856,24005.5,4.521670480549199,70887.0,77.74770198355104,1016.9445955210238,False,0,0,0,0,0,0,0,0,0,0,0,1,0,0,0,0,0,0,0,0,1,0,1,0,0,0,0,0,1,0,0,0,0,0,1,0,0,0,1,material damage only
2022,3,50.0,False,51.426943,5.56649,168.035,51.0,40733.0,1313.0,0.0,11.579567811643283,7.061761148294492,15.7217384292856,24005.5,4.521670480549199,70887.0,77.74770198355104,1016.9445955210238,False,0,0,0,0,0,0,1,0,0,0,0,0,0,0,0,0,0,0,1,0,0,0,0,0,1,0,0,0,1,1,0,0,0,0,0,0,1,0,0,material damage only
2022,1,30.0,False,52.527948,6.053076,453.314,142.0,133141.0,1203.0,0.0,11.579567811643283,7.061761148294492,15.7217384292856,24005.5,4.521670480549199,70887.0,77.74770198355104,1016.9445955210238,False,0,0,0,0,0,0,0,0,1,0,0,0,0,0,0,0,0,0,0,1,0,0,1,0,0,0,1,0,0,0,0,0,1,0,0,0,0,0,1,material damage only
2022,2,50.0,False,52.092329,5.112659,383.842,532.0,374238.0,3991.0,0.0,11.579567811643283,7.061761148294492,15.7217384292856,24005.5,4.521670480549199,70887.0,77.74770198355104,1016.9445955210238,False,0,0,0,0,0,0,0,0,0,1,0,0,0,0,0,0,0,1,0,0,0,0,0,0,1,0,0,1,0,0,0,0,1,0,0,0,1,0,0,material damage only
2022,2,30.0,False,52.227841,5.183936,455.686,62.0,94435.0,2070.0,0.0,11.579567811643283,7.061761148294492,15.7217384292856,24005.5,4.521670480549199,70887.0,77.74770198355104,1016.9445955210238,False,0,0,0,0,0,0,0,1,0,0,0,0,0,0,1,0,0,0,0,0,0,0,0,0,1,0,0,1,0,0,0,1,0,0,0,0,1,0,0,material damage only
2022,3,60.0,False,53.12377,6.381863,243.389,28.0,31686.0,159.0,0.0,11.579567811643283,7.061761148294492,15.7217384292856,24005.5,4.521670480549199,70887.0,77.74770198355104,1016.9445955210238,False,1,0,0,0,0,0,0,0,0,0,0,0,0,0,0,0,0,1,0,0,0,0,1,0,0,0,1,0,0,0,0,0,1,0,0,0,0,0,1,fatal
2022,3,50.0,False,52.299741,4.855332,365.397,69.0,95014.0,2311.0,240.0,11.858356164383562,7.576712328767123,15.742465753424657,819.3,4.732602739726028,2246.9,76.74794520547945,1016.8372602739726,True,0,0,0,0,0,0,0,1,0,0,0,0,0,1,0,0,0,0,0,0,0,0,1,0,0,0,1,0,0,0,0,0,0,0,1,0,0,0,1,injury
2022,2,50.0,False,52.363809,4.82701,1254.468,2166.0,931298.0,4950.0,0.0,11.579567811643283,7.061761148294492,15.7217384292856,24005.5,4.521670480549199,70887.0,77.74770198355104,1016.9445955210238,False,0,0,0,0,0,0,0,1,0,0,0,0,0,0,0,1,0,0,0,0,0,0,0,0,1,0,1,0,0,0,0,1,0,0,0,0,0,0,1,injury
2022,2,50.0,False,51.983505,4.492077,176.532,38.0,65594.0,1231.0,0.0,11.579567811643283,7.061761148294492,15.7217384292856,24005.5,4.521670480549199,70887.0,77.74770198355104,1016.9445955210238,False,0,0,0,0,0,0,0,0,0,0,0,1,0,0,1,0,0,0,0,0,0,0,1,0,0,0,1,0,0,0,0,0,0,0,1,0,1,0,0,injury
2022,2,50.0,False,51.502218,5.39072,73.991,13.0,31223.0,921.0,0.0,11.579567811643283,7.061761148294492,15.7217384292856,24005.5,4.521670480549199,70887.0,77.74770198355104,1016.9445955210238,False,0,0,0,0,0,0,1,0,0,0,0,0,0,0,1,0,0,0,0,0,0,0,1,0,0,0,1,0,0,0,0,1,0,0,0,0,0,0,1,material damage only
2022,2,30.0,False,51.479509,5.67274,392.497,228.0,95874.0,1803.0,0.0,11.579567811643283,7.061761148294492,15.7217384292856,24005.5,4.521670480549199,70887.0,77.74770198355104,1016.9445955210238,False,0,0,0,0,0,0,1,0,0,0,0,0,0,0,0,1,0,0,0,0,0,0,1,0,0,0,1,0,0,0,1,0,0,0,0,0,0,0,1,material damage only
2022,2,50.0,False,51.798484,4.897228,194.354,6.0,58277.0,292.0,0.0,11.579567811643283,7.061761148294492,15.7217384292856,24005.5,4.521670480549199,70887.0,77.74770198355104,1016.9445955210238,False,0,0,0,0,0,0,1,0,0,0,0,0,0,0,1,0,0,0,0,0,0,0,1,0,0,0,1,0,0,0,0,1,0,0,0,0,0,0,1,fatal
2022,2,30.0,False,52.493031,4.687731,51.418,14.0,39452.0,1447.0,0.0,11.579567811643283,7.061761148294492,15.7217384292856,24005.5,4.521670480549199,70887.0,77.74770198355104,1016.9445955210238,False,0,0,0,0,0,0,0,1,0,0,0,0,0,0,1,0,0,0,0,0,0,0,0,0,1,0,1,0,0,0,0,1,0,0,0,0,0,0,1,material damage only
2022,2,30.0,False,52.257282,4.544993,68.706,4.0,23447.0,1494.0,0.0,11.579567811643283,7.061761148294492,15.7217384292856,24005.5,4.521670480549199,70887.0,77.74770198355104,1016.9445955210238,False,0,0,0,0,0,0,0,0,0,0,0,1,0,0,1,0,0,0,0,0,0,0,1,0,0,0,1,0,0,1,0,0,0,0,0,0,0,0,1,injury
2022,2,50.0,False,52.117761,5.107684,383.842,532.0,374238.0,3991.0,0.0,11.579567811643283,7.061761148294492,15.7217384292856,24005.5,4.521670480549199,70887.0,77.74770198355104,1016.9445955210238,False,0,0,0,0,0,0,0,0,0,1,0,0,0,0,1,0,0,0,0,0,0,0,1,0,0,0,1,0,0,0,0,1,0,0,0,0,0,0,1,material damage only
2022,1,50.0,False,52.076665,4.271644,487.675,651.0,566221.0,6868.0,0.0,11.579567811643283,7.061761148294492,15.7217384292856,24005.5,4.521670480549199,70887.0,77.74770198355104,1016.9445955210238,False,0,0,0,0,0,0,0,0,0,0,0,1,0,1,0,0,0,0,0,0,0,0,1,0,0,0,0,1,0,0,0,0,1,0,0,0,1,0,0,injury
2022,2,30.0,False,51.993936,5.085616,106.0,58.0,61669.0,422.0,0.0,11.579567811643283,7.061761148294492,15.7217384292856,24005.5,4.521670480549199,70887.0,77.74770198355104,1016.9445955210238,False,0,0,0,0,0,0,0,0,0,1,0,0,0,0,0,0,0,0,0,1,0,0,1,0,0,0,0,1,0,0,0,0,1,0,0,0,1,0,0,injury
2022,1,30.0,False,52.546344,4.658898,74.594,11.0,36366.0,733.0,0.0,11.579567811643283,7.061761148294492,15.7217384292856,24005.5,4.521670480549199,70887.0,77.74770198355104,1016.9445955210238,False,0,0,0,0,0,0,0,1,0,0,0,0,0,1,0,0,0,0,0,0,0,0,1,0,0,0,1,0,0,0,0,0,1,0,0,0,0,0,1,injury
2022,2,50.0,False,52.271838,6.806398,0.0,0.0,0.0,0.0,0.0,11.579567811643283,7.061761148294492,15.7217384292856,24005.5,4.521670480549199,70887.0,77.74770198355104,1016.9445955210238,False,0,0,0,0,0,0,0,0,1,0,0,0,0,0,1,0,0,0,0,0,0,0,1,0,0,0,1,0,0,0,1,0,0,0,0,0,1,0,0,fatal
2022,2,50.0,False,52.35808,6.463622,267.918,8.0,36264.0,263.0,0.0,11.579567811643283,7.061761148294492,15.7217384292856,24005.5,4.521670480549199,70887.0,77.74770198355104,1016.9445955210238,False,0,0,0,0,0,0,0,0,1,0,0,0,0,0,1,0,0,0,0,0,0,0,1,0,0,0,1,0,0,0,1,0,0,0,0,0,0,0,1,fatal
2022,2,50.0,False,52.496235,4.944032,148.015,14.0,95168.0,1017.0,0.0,11.579567811643283,7.061761148294492,15.7217384292856,24005.5,4.521670480549199,70887.0,77.74770198355104,1016.9445955210238,False,0,0,0,0,0,0,0,1,0,0,0,0,0,0,0,0,0,0,0,1,0,0,0,0,1,0,1,0,0,0,0,1,0,0,0,0,0,0,1,material damage only
2022,2,50.0,False,52.643118,4.816492,162.559,6.0,90076.0,1455.0,0.0,11.579567811643283,7.061761148294492,15.7217384292856,24005.5,4.521670480549199,70887.0,77.74770198355104,1016.9445955210238,False,0,0,0,0,0,0,0,1,0,0,0,0,0,0,1,0,0,0,0,0,0,0,1,0,0,0,0,1,0,0,0,0,0,0,1,0,0,0,1,injury
2022,1,30.0,False,52.009312,4.355957,122.823,280.0,109577.0,4835.0,0.0,11.579567811643283,7.061761148294492,15.7217384292856,24005.5,4.521670480549199,70887.0,77.74770198355104,1016.9445955210238,False,0,0,0,0,0,0,0,0,0,0,0,1,0,1,0,0,0,0,0,0,0,0,1,0,0,0,1,0,0,0,0,1,0,0,0,0,0,0,1,injury
2022,2,50.0,False,52.062884,4.301649,487.675,651.0,566221.0,6868.0,0.0,11.579567811643283,7.061761148294492,15.7217384292856,24005.5,4.521670480549199,70887.0,77.74770198355104,1016.9445955210238,False,0,0,0,0,0,0,0,0,0,0,0,1,0,0,1,0,0,0,0,0,0,0,1,0,0,0,0,1,0,0,0,1,0,0,0,0,1,0,0,injury
2022,1,30.0,False,52.04524,4.725985,64.561,6.0,36569.0,485.0,0.0,11.579567811643283,7.061761148294492,15.7217384292856,24005.5,4.521670480549199,70887.0,77.74770198355104,1016.9445955210238,False,0,0,0,0,0,0,0,0,0,0,0,1,0,1,0,0,0,0,0,0,0,0,0,0,0,1,0,1,0,0,0,0,0,0,0,0,0,0,0,injury
2022,2,50.0,False,51.936746,4.499147,1465.201,1076.0,670610.0,3070.0,0.0,11.579567811643283,7.061761148294492,15.7217384292856,24005.5,4.521670480549199,70887.0,77.74770198355104,1016.9445955210238,False,0,0,0,0,0,0,0,0,0,0,0,1,0,1,0,0,0,0,0,0,0,0,1,0,0,0,1,0,0,0,0,1,0,0,0,0,0,0,1,injury
2024,2,50.0,False,52.40851,5.25354,1074.57,179.0,226500.0,1753.0,0.0,11.734972677595628,7.98906300225008,15.34095949855352,32605.3,4.629253254167618,55154.1,82.14263902282224,1014.3126766985865,False,0,1,0,0,0,0,0,0,0,0,0,0,0,0,1,0,0,0,0,0,0,0,0,0,1,0,0,1,0,0,0,1,0,0,0,0,1,0,0,injury
2024,2,50.0,False,52.208056,5.467571,286.821,18.0,45361.0,654.0,0.0,11.734972677595628,7.98906300225008,15.34095949855352,32605.3,4.629253254167618,55154.1,82.14263902282224,1014.3126766985865,False,0,0,0,1,0,0,0,0,0,0,0,0,0,0,0,1,0,0,0,0,0,0,0,0,1,0,0,1,0,0,0,0,1,0,0,0,1,0,0,material damage only
2024,2,30.0,False,52.204434,4.669167,62.868,23.0,29168.0,462.0,0.0,11.734972677595628,7.98906300225008,15.34095949855352,32605.3,4.629253254167618,55154.1,82.14263902282224,1014.3126766985865,False,0,0,0,0,0,0,0,0,0,0,0,1,0,0,0,0,0,0,0,1,0,0,0,0,0,1,1,0,0,0,0,0,1,0,0,0,0,0,1,injury
2024,2,50.0,False,50.847807,5.663385,168.412,173.0,125285.0,2246.0,0.0,11.734972677595628,7.98906300225008,15.34095949855352,32605.3,4.629253254167618,55154.1,82.14263902282224,1014.3126766985865,False,0,0,0,0,0,1,0,0,0,0,0,0,0,0,1,0,0,0,0,0,0,0,1,0,0,0,1,0,0,0,0,0,0,0,1,0,1,0,0,injury
2024,2,50.0,False,51.758978,5.518529,450.248,100.0,94634.0,584.0,0.0,11.734972677595628,7.98906300225008,15.34095949855352,32605.3,4.629253254167618,55154.1,82.14263902282224,1014.3126766985865,False,0,0,0,0,0,0,1,0,0,0,0,0,0,0,0,0,0,0,0,1,0,0,1,0,0,0,1,0,0,0,0,1,0,0,0,0,0,0,1,material damage only
2024,2,30.0,False,52.110971,5.082244,383.842,532.0,374238.0,3991.0,0.0,11.734972677595628,7.98906300225008,15.34095949855352,32605.3,4.629253254167618,55154.1,82.14263902282224,1014.3126766985865,False,0,0,0,0,0,0,0,0,0,1,0,0,0,0,1,0,0,0,0,0,0,0,0,0,1,0,1,0,0,0,0,1,0,0,0,0,0,0,1,material damage only
2024,2,50.0,False,52.262731,6.994734,83.245,4.0,23376.0,237.0,0.0,11.734972677595628,7.98906300225008,15.34095949855352,32605.3,4.629253254167618,55154.1,82.14263902282224,1014.3126766985865,False,0,0,0,0,0,0,0,0,1,0,0,0,0,0,1,0,0,0,0,0,0,0,1,0,0,0,1,0,0,0,0,0,0,0,1,0,0,0,1,material damage only
2024,1,50.0,False,52.16135,4.909048,177.006,20.0,53724.0,607.0,0.0,11.734972677595628,7.98906300225008,15.34095949855352,32605.3,4.629253254167618,55154.1,82.14263902282224,1014.3126766985865,False,0,0,0,0,0,0,0,0,0,1,0,0,0,0,0,0,0,0,0,1,0,0,1,0,0,0,1,0,0,0,0,0,0,0,1,0,0,0,1,material damage only
2024,2,50.0,False,52.30341,4.870627,365.397,69.0,95014.0,2311.0,240.0,11.974043715846994,8.361748633879781,15.433606557377049,1047.1,4.898087431693989,1757.8,81.7431693989071,1014.1232240437158,True,0,0,0,0,0,0,0,1,0,0,0,0,0,0,1,0,0,0,0,0,0,0,1,0,0,0,0,1,0,0,0,1,0,0,0,0,1,0,0,material damage only
2024,2,30.0,False,52.054856,4.290685,487.675,651.0,566221.0,6868.0,0.0,11.734972677595628,7.98906300225008,15.34095949855352,32605.3,4.629253254167618,55154.1,82.14263902282224,1014.3126766985865,False,0,0,0,0,0,0,0,0,0,0,0,1,0,0,0,0,0,0,0,1,0,0,1,0,0,0,0,1,0,0,0,0,1,0,0,0,1,0,0,injury
2024,2,50.0,False,51.991883,4.352714,122.823,280.0,109577.0,4835.0,0.0,11.734972677595628,7.98906300225008,15.34095949855352,32605.3,4.629253254167618,55154.1,82.14263902282224,1014.3126766985865,False,0,0,0,0,0,0,0,0,0,0,0,1,0,0,0,0,0,0,0,1,0,0,1,0,0,0,1,0,0,0,1,0,0,0,0,0,0,1,0,injury
2024,2,50.0,False,53.205721,5.797826,288.349,34.0,128810.0,542.0,270.0,11.312568306010927,7.6259562841530055,14.743169398907105,1068.1,4.766666666666667,1751.4,83.46994535519126,1013.6918032786886,True,0,0,1,0,0,0,0,0,0,0,0,0,0,0,1,0,0,0,0,0,0,0,0,0,1,0,1,0,0,0,0,0,0,0,1,0,0,0,1,material damage only
2024,1,50.0,False,52.047946,4.354279,487.675,651.0,566221.0,6868.0,0.0,11.734972677595628,7.98906300225008,15.34095949855352,32605.3,4.629253254167618,55154.1,82.14263902282224,1014.3126766985865,False,0,0,0,0,0,0,0,0,0,0,0,1,0,1,0,0,0,0,0,0,0,0,1,0,0,0,1,0,0,0,0,0,1,0,0,0,0,0,1,injury
2024,2,50.0,False,52.047287,4.293178,487.675,651.0,566221.0,6868.0,0.0,11.734972677595628,7.98906300225008,15.34095949855352,32605.3,4.629253254167618,55154.1,82.14263902282224,1014.3126766985865,False,0,0,0,0,0,0,0,0,0,0,0,1,0,0,1,0,0,0,0,0,0,0,0,1,0,0,0,1,0,0,0,1,0,0,0,0,1,0,0,material damage only
2024,2,50.0,False,51.882432,5.289806,108.5,10.0,52948.0,245.0,356.0,11.694535519125683,7.581967213114754,15.710109289617485,903.1,3.9098360655737703,1730.1,83.0327868852459,1014.4437158469946,True,0,0,0,1,0,0,0,0,0,0,0,0,0,0,1,0,0,0,0,0,0,0,1,0,0,0,1,0,0,0,0,1,0,0,0,0,0,0,1,injury
2024,2,50.0,False,52.090165,5.019719,383.842,532.0,374238.0,3991.0,0.0,11.734972677595628,7.98906300225008,15.34095949855352,32605.3,4.629253254167618,55154.1,82.14263902282224,1014.3126766985865,False,0,0,0,0,0,0,0,0,0,1,0,0,0,0,1,0,0,0,0,0,0,0,1,0,0,0,0,0,1,0,0,0,0,0,1,0,0,0,1,injury
2024,2,50.0,False,52.226656,5.17965,455.686,62.0,94435.0,2070.0,0.0,11.734972677595628,7.98906300225008,15.34095949855352,32605.3,4.629253254167618,55154.1,82.14263902282224,1014.3126766985865,False,0,0,0,0,0,0,0,1,0,0,0,0,0,0,0,1,0,0,0,0,0,0,1,0,0,0,1,0,0,0,0,0,1,0,0,0,0,0,1,material damage only
2024,2,50.0,False,51.979918,5.679678,143.664,225.0,42579.0,1400.0,0.0,11.734972677595628,7.98906300225008,15.34095949855352,32605.3,4.629253254167618,55154.1,82.14263902282224,1014.3126766985865,False,0,0,0,1,0,0,0,0,0,0,0,0,0,0,1,0,0,0,0,0,0,0,0,0,1,0,0,0,1,0,0,0,0,0,1,0,0,1,0,material damage only
2024,2,50.0,False,51.869405,5.865681,464.437,164.0,187049.0,3542.0,0.0,11.734972677595628,7.98906300225008,15.34095949855352,32605.3,4.629253254167618,55154.1,82.14263902282224,1014.3126766985865,False,0,0,0,1,0,0,0,0,0,0,0,0,0,0,0,0,0,0,0,1,0,0,0,0,1,0,1,0,0,0,0,0,1,0,0,0,0,0,1,injury
2024,2,50.0,False,52.165685,4.717771,82.211,3.0,29501.0,376.0,0.0,11.734972677595628,7.98906300225008,15.34095949855352,32605.3,4.629253254167618,55154.1,82.14263902282224,1014.3126766985865,False,0,0,0,0,0,0,0,0,0,0,0,1,0,0,0,0,0,0,0,0,1,0,1,0,0,0,1,0,0,0,0,0,1,0,0,0,0,0,1,injury
2024,2,30.0,False,51.813324,4.666405,396.235,112.0,122070.0,1574.0,0.0,11.734972677595628,7.98906300225008,15.34095949855352,32605.3,4.629253254167618,55154.1,82.14263902282224,1014.3126766985865,False,0,0,0,0,0,0,0,0,0,0,0,1,0,0,1,0,0,0,0,0,0,0,0,0,1,0,1,0,0,0,0,1,0,0,0,0,0,1,0,injury
2024,1,30.0,False,52.08128,4.320303,487.675,651.0,566221.0,6868.0,0.0,11.734972677595628,7.98906300225008,15.34095949855352,32605.3,4.629253254167618,55154.1,82.14263902282224,1014.3126766985865,False,0,0,0,0,0,0,0,0,0,0,0,1,0,0,0,1,0,0,0,0,0,0,1,0,0,0,1,0,0,0,0,0,1,0,0,0,0,0,1,injury
2024,2,50.0,False,51.577241,5.047596,312.985,136.0,229836.0,1826.0,0.0,11.734972677595628,7.98906300225008,15.34095949855352,32605.3,4.629253254167618,55154.1,82.14263902282224,1014.3126766985865,False,0,0,0,0,0,0,1,0,0,0,0,0,0,0,1,0,0,0,0,0,0,0,0,0,1,0,0,1,0,0,1,0,0,0,0,0,1,0,0,material damage only
2024,2,30.0,False,51.977737,5.958065,335.747,67.0,167632.0,1715.0,0.0,11.734972677595628,7.98906300225008,15.34095949855352,32605.3,4.629253254167618,55154.1,82.14263902282224,1014.3126766985865,False,0,0,0,1,0,0,0,0,0,0,0,0,0,0,1,0,0,0,0,0,0,0,1,0,0,0,1,0,0,0,1,0,0,0,0,0,0,0,1,injury
2024,2,50.0,False,52.322255,4.962732,1254.468,2166.0,931298.0,4950.0,0.0,11.734972677595628,7.98906300225008,15.34095949855352,32605.3,4.629253254167618,55154.1,82.14263902282224,1014.3126766985865,False,0,0,0,0,0,0,0,1,0,0,0,0,0,0,1,0,0,0,0,0,0,0,1,0,0,0,1,0,0,0,1,0,0,0,0,0,0,0,1,material damage only
2024,2,50.0,False,52.074014,4.316499,487.675,651.0,566221.0,6868.0,0.0,11.734972677595628,7.98906300225008,15.34095949855352,32605.3,4.629253254167618,55154.1,82.14263902282224,1014.3126766985865,False,0,0,0,0,0,0,0,0,0,0,0,1,0,0,1,0,0,0,0,0,0,0,1,0,0,0,0,1,0,0,0,0,1,0,0,0,1,0,0,injury
2024,2,50.0,False,51.446388,5.469974,390.887,502.0,246417.0,2800.0,0.0,11.734972677595628,7.98906300225008,15.34095949855352,32605.3,4.629253254167618,55154.1,82.14263902282224,1014.3126766985865,False,0,0,0,0,0,0,1,0,0,0,0,0,0,0,1,0,0,0,0,0,0,0,1,0,0,0,0,1,0,0,0,1,0,0,0,0,1,0,0,material damage only
2024,2,50.0,False,51.903561,6.387589,112.666,3.0,39402.0,290.0,0.0,11.734972677595628,7.98906300225008,15.34095949855352,32605.3,4.629253254167618,55154.1,82.14263902282224,1014.3126766985865,False,0,0,0,1,0,0,0,0,0,0,0,0,0,0,1,0,0,0,0,0,0,0,1,0,0,0,1,0,0,0,1,0,0,0,0,0,0,0,1,material damage only
2024,2,50.0,False,52.002047,4.590314,111.401,12.0,47843.0,825.0,0.0,11.734972677595628,7.98906300225008,15.34095949855352,32605.3,4.629253254167618,55154.1,82.14263902282224,1014.3126766985865,False,0,0,0,0,0,0,0,0,0,0,0,1,0,0,1,0,0,0,0,0,0,0,0,0,1,0,0,1,0,0,0,1,0,0,0,0,1,0,0,material damage only
2024,2,50.0,False,51.368819,6.18959,237.35,29.0,103789.0,836.0,391.0,11.968032786885246,8.004098360655737,16.042896174863387,882.1,2.128688524590164,1540.8,80.70218579234972,1014.3126766985865,True,0,0,0,0,0,1,0,0,0,0,0,0,0,0,0,0,0,0,0,1,0,0,1,0,0,0,1,0,0,0,0,0,0,0,1,0,0,0,1,material damage only