year,party_count,speed_limit_kmh,alcohol_indicated,latitude,longitude,km_total,bicycle_parking_count,population,population_density_km2,station_id,weather_temp_mean_c,weather_temp_min_c,weather_temp_max_c,weather_precip_mm_total,weather_wind_mean_ms,weather_sunshine_hours_total,weather_humidity_mean_pct,weather_pressure_mean_hpa,weather_desde_estacion,province_Drenthe,province_Flevoland,province_Friesland,province_Gelderland,province_Groningen,province_Limburg,province_Noord-Brabant,province_Noord-Holland,province_Overijssel,province_Utrecht,province_Zeeland,province_Zuid-Holland,accident_type_Dier,accident_type_Eenzijdig,accident_type_Flank,accident_type_Frontaal,accident_type_Geparkeerd voertuig,accident_type_Kop/staart,accident_type_Los voorwerp,accident_type_Onbekend,accident_type_Vast voorwerp,accident_type_Voetganger,weather_label_clear,weather_label_fog,weather_label_rain,weather_label_unknown,periodo_luz_dia,periodo_luz_noche,periodo_luz_otro,road_situation_Bocht,"road_situation_Kruispunt, 3 takken","road_situation_Kruispunt, 4 takken",road_situation_Rechte weg,"road_situation_Rechte weg, gescheiden rijbanen",road_situation_Rotonde,road_situation_Uitvoegstrook op (auto)snelweg,road_lighting_Brandend,road_lighting_Niet aanwezig,road_lighting_Niet brandend,severity_label
2023,2,50.0,False,53.222347,6.547641,403.704,240.0,243768.0,1314.0,0.0,11.69078162771958,7.801498791297341,15.385850120870266,34990.1,4.902983257229832,60585.8,80.60153102336825,1013.9606392694063,False,0,0,0,0,1,0,0,0,0,0,0,0,0,0,1,0,0,0,0,0,0,0,1,0,0,0,1,0,0,0,0,1,0,0,0,0,0,0,1,injury
2024,2,50.0,False,52.055989,4.489836,191.318,32.0,128434.0,3730.0,0.0,11.734972677595628,7.98906300225008,15.34095949855352,32605.3,4.629253254167618,55154.1,82.14263902282224,1014.3126766985865,False,0,0,0,0,0,0,0,0,0,0,0,1,0,1,0,0,0,0,0,0,0,0,0,0,1,0,1,0,0,0,0,0,0,0,1,0,0,0,1,injury
2023,2,50.0,False,52.190802,4.494265,91.308,14.0,38470.0,1358.0,0.0,11.69078162771958,7.801498791297341,15.385850120870266,34990.1,4.902983257229832,60585.8,80.60153102336825,1013.9606392694063,False,0,0,0,0,0,0,0,0,0,0,0,1,0,0,1,0,0,0,0,0,0,0,1,0,0,0,1,0,0,0,0,1,0,0,0,0,0,0,1,material damage only
2023,2,30.0,False,52.061258,4.298139,487.675,651.0,566221.0,6868.0,0.0,11.69078162771958,7.801498791297341,15.385850120870266,34990.1,4.902983257229832,60585.8,80.60153102336825,1013.9606392694063,False,0,0,0,0,0,0,0,0,0,0,0,1,0,0,1,0,0,0,0,0,0,0,1,0,0,0,1,0,0,0,0,1,0,0,0,0,0,1,0,injury
2023,2,50.0,False,52.50424,4.655541,51.418,14.0,39452.0,1447.0,0.0,11.69078162771958,7.801498791297341,15.385850120870266,34990.1,4.902983257229832,60585.8,80.60153102336825,1013.9606392694063,False,0,0,0,0,0,0,0,1,0,0,0,0,0,0,0,0,0,0,0,1,0,0,0,0,1,0,0,0,1,0,0,0,0,0,1,0,1,0,0,material damage only
2023,2,50.0,False,52.37839,4.878645,1254.468,2166.0,931298.0,4950.0,0.0,11.69078162771958,7.801498791297341,15.385850120870266,34990.1,4.902983257229832,60585.8,80.60153102336825,1013.9606392694063,False,0,0,0,0,0,0,0,1,0,0,0,0,0,0,0,0,0,0,0,0,1,0,1,0,0,0,1,0,0,0,0,0,1,0,0,0,0,0,1,material damage only
2023,2,50.0,False,52.292256,4.840133,365.397,69.0,95014.0,2311.0,240.0,11.980547945205478,8.338356164383562,15.410136986301369,1094.1,5.212054794520548,1896.0,80.3945205479452,1013.8057534246575,True,0,0,0,0,0,0,0,1,0,0,0,0,0,0,1,0,0,0,0,0,0,0,1,0,0,0,1,0,0,0,0,1,0,0,0,0,0,0,1,material damage only
2024,2,30.0,False,51.585231,5.078171,312.985,136.0,229836.0,1826.0,0.0,11.734972677595628,7.98906300225008,15.34095949855352,32605.3,4.629253254167618,55154.1,82.14263902282224,1014.3126766985865,False,0,0,0,0,0,0,1,0,0,0,0,0,0,0,1,0,0,0,0,0,0,0,1,0,0,0,1,0,0,0,1,0,0,0,0,0,0,0,1,injury
2023,1,50.0,False,52.428219,4.645346,158.382,18.0,69241.0,1538.0,217.0,11.69078162771958,7.801498791297341,15.385850120870266,0.0,7.620547945205479,0.0,80.60153102336825,1013.9606392694063,False,0,0,0,0,0,0,0,1,0,0,0,0,0,1,0,0,0,0,0,0,0,0,1,0,0,0,0,1,0,0,0,0,1,0,0,0,1,0,0,injury
2024,2,30.0,False,52.998552,6.507388,277.411,139.0,69701.0,851.0,0.0,11.734972677595628,7.98906300225008,15.34095949855352,32605.3,4.629253254167618,55154.1,82.14263902282224,1014.3126766985865,False,1,0,0,0,0,0,0,0,0,0,0,0,0,0,0,1,0,0,0,0,0,0,1,0,0,0,1,0,0,0,1,0,0,0,0,0,0,0,1,material damage only
2023,2,50.0,False,51.831498,4.737384,65.271,10.0,26261.0,2044.0,0.0,11.69078162771958,7.801498791297341,15.385850120870266,34990.1,4.902983257229832,60585.8,80.60153102336825,1013.9606392694063,False,0,0,0,0,0,0,0,0,0,0,0,1,0,0,1,0,0,0,0,0,0,0,1,0,0,0,1,0,0,0,0,0,0,0,1,0,0,0,1,injury
2024,2,50.0,False,52.159886,4.480014,139.091,103.0,130108.0,5954.0,0.0,11.734972677595628,7.98906300225008,15.34095949855352,32605.3,4.629253254167618,55154.1,82.14263902282224,1014.3126766985865,False,0,0,0,0,0,0,0,0,0,0,0,1,0,0,1,0,0,0,0,0,0,0,1,0,0,0,1,0,0,0,0,0,1,0,0,0,0,0,1,injury
2023,1,50.0,False,52.389644,4.955985,1254.468,2166.0,931298.0,4950.0,0.0,11.69078162771958,7.801498791297341,15.385850120870266,34990.1,4.902983257229832,60585.8,80.60153102336825,1013.9606392694063,False,0,0,0,0,0,0,0,1,0,0,0,0,0,0,1,0,0,0,0,0,0,0,1,0,0,0,1,0,0,0,0,0,0,0,0,0,0,0,1,material damage only
2023,1,30.0,False,52.1143,4.342556,71.52,20.0,27100.0,530.0,0.0,11.69078162771958,7.801498791297341,15.385850120870266,34990.1,4.902983257229832,60585.8,80.60153102336825,1013.9606392694063,False,0,0,0,0,0,0,0,0,0,0,0,1,0,1,0,0,0,0,0,0,0,0,1,0,0,0,1,0,0,0,0,0,1,0,0,0,0,0,1,injury
2023,2,30.0,False,52.016666,4.707374,89.605,57.0,75758.0,4592.0,0.0,11.69078162771958,7.801498791297341,15.385850120870266,34990.1,4.902983257229832,60585.8,80.60153102336825,1013.9606392694063,False,0,0,0,0,0,0,0,0,0,0,0,1,0,1,0,0,0,0,0,0,0,0,1,0,0,0,0,1,0,0,0,0,1,0,0,0,1,0,0,material damage only
2023,2,50.0,False,52.049362,4.647767,62.232,71.0,34000.0,1225.0,0.0,11.69078162771958,7.801498791297341,15.385850120870266,34990.1,4.902983257229832,60585.8,80.60153102336825,1013.9606392694063,False,0,0,0,0,0,0,0,0,0,0,0,1,0,0,1,0,0,0,0,0,0,0,0,0,1,0,0,1,0,0,0,0,0,0,1,0,1,0,0,injury
2023,2,30.0,False,52.359896,4.902354,1254.468,2166.0,931298.0,4950.0,0.0,11.69078162771958,7.801498791297341,15.385850120870266,34990.1,4.902983257229832,60585.8,80.60153102336825,1013.9606392694063,False,0,0,0,0,0,0,0,1,0,0,0,0,0,0,1,0,0,0,0,0,0,0,0,0,1,0,1,0,0,0,0,0,1,0,0,0,0,0,1,injury
2023,2,30.0,False,53.299154,6.662747,403.704,240.0,243768.0,1314.0,0.0,11.69078162771958,7.801498791297341,15.385850120870266,34990.1,4.902983257229832,60585.8,80.60153102336825,1013.9606392694063,False,0,0,0,0,1,0,0,0,0,0,0,0,0,0,1,0,0,0,0,0,0,0,1,0,0,0,1,0,0,0,0,1,0,0,0,0,0,0,1,injury
2023,2,50.0,False,52.29411,6.520447,211.098,12.0,38675.0,411.0,0.0,11.69078162771958,7.801498791297341,15.385850120870266,34990.1,4.902983257229832,60585.8,80.60153102336825,1013.9606392694063,False,0,0,0,0,0,0,0,0,1,0,0,0,0,0,0,0,1,0,0,0,0,0,1,0,0,0,1,0,0,0,0,0,1,0,0,0,0,0,1,injury
2023,2,50.0,False,51.923334,4.498155,1465.201,1076.0,670610.0,3070.0,0.0,11.69078162771958,7.801498791297341,15.385850120870266,34990.1,4.902983257229832,60585.8,80.60153102336825,1013.9606392694063,False,0,0,0,0,0,0,0,0,0,0,0,1,0,0,1,0,0,0,0,0,0,0,1,0,0,0,1,0,0,0,1,0,0,0,0,0,0,0,1,material damage only
2023,2,30.0,False,52.366538,4.879756,1254.468,2166.0,931298.0,4950.0,0.0,11.69078162771958,7.801498791297341,15.385850120870266,34990.1,4.902983257229832,60585.8,80.60153102336825,1013.9606392694063,False,0,0,0,0,0,0,0,1,0,0,0,0,0,0,1,0,0,0,0,0,0,0,1,0,0,0,1,0,0,0,1,0,0,0,0,0,0,0,1,material damage only
2023,3,30.0,False,52.374215,4.845741,1254.468,2166.0,931298.0,4950.0,0.0,11.69078162771958,7.801498791297341,15.385850120870266,34990.1,4.902983257229832,60585.8,80.60153102336825,1013.9606392694063,False,0,0,0,0,0,0,0,1,0,0,0,0,0,0,0,0,0,0,0,1,0,0,1,0,0,0,0,1,0,0,0,1,0,0,0,0,1,0,0,injury
2023,2,50.0,False,52.336256,4.890991,1254.468,2166.0,931298.0,4950.0,0.0,11.69078162771958,7.801498791297341,15.385850120870266,34990.1,4.902983257229832,60585.8,80.60153102336825,1013.9606392694063,False,0,0,0,0,0,0,0,1,0,0,0,0,0,0,1,0,0,0,0,0,0,0,1,0,0,0,1,0,0,0,0,0,1,0,0,0,0,0,1,material damage only
2024,1,50.0,False,52.128543,6.23319,126.339,130.0,48752.0,1191.0,0.0,11.734972677595628,7.98906300225008,15.34095949855352,32605.3,4.629253254167618,55154.1,82.14263902282224,1014.3126766985865,False,0,0,0,1,0,0,0,0,0,0,0,0,0,0,0,0,0,0,0,1,0,0,0,0,1,0,1,0,0,0,0,0,1,0,0,0,0,0,1,injury
2023,1,60.0,False,52.03608,4.771765,64.561,6.0,36569.0,485.0,0.0,11.69078162771958,7.801498791297341,15.385850120870266,34990.1,4.902983257229832,60585.8,80.60153102336825,1013.9606392694063,False,0,0,0,0,0,0,0,0,0,0,0,1,0,1,0,0,0,0,0,0,0,0,1,0,0,0,1,0,0,0,0,0,1,0,0,0,0,1,0,injury
2024,2,50.0,False,52.378698,6.676741,251.802,48.0,74317.0,1106.0,0.0,11.734972677595628,7.98906300225008,15.34095949855352,32605.3,4.629253254167618,55154.1,82.14263902282224,1014.3126766985865,False,0,0,0,0,0,0,0,0,1,0,0,0,0,0,1,0,0,0,0,0,0,0,0,0,1,0,1,0,0,0,0,1,0,0,0,0,0,0,1,material damage only
2023,2,50.0,False,51.405842,5.741596,80.07,3.0,17302.0,246.0,0.0,11.69078162771958,7.801498791297341,15.385850120870266,34990.1,4.902983257229832,60585.8,80.60153102336825,1013.9606392694063,False,0,0,0,0,0,0,1,0,0,0,0,0,0,0,0,0,1,0,0,0,0,0,1,0,0,0,0,1,0,0,0,0,1,0,0,0,1,0,0,material damage only
2023,2,50.0,False,52.256042,6.774417,0.0,0.0,0.0,0.0,0.0,11.69078162771958,7.801498791297341,15.385850120870266,34990.1,4.902983257229832,60585.8,80.60153102336825,1013.9606392694063,False,0,0,0,0,0,0,0,0,1,0,0,0,0,0,1,0,0,0,0,0,0,0,1,0,0,0,1,0,0,0,0,1,0,0,0,0,0,0,1,injury
2024,2,30.0,False,52.35139,4.832313,1254.468,2166.0,931298.0,4950.0,0.0,11.734972677595628,7.98906300225008,15.34095949855352,32605.3,4.629253254167618,55154.1,82.14263902282224,1014.3126766985865,False,0,0,0,0,0,0,0,1,0,0,0,0,0,0,1,0,0,0,0,0,0,0,1,0,0,0,1,0,0,0,0,1,0,0,0,0,0,0,1,material damage only
2023,2,50.0,False,52.510238,4.950692,148.015,14.0,95168.0,1017.0,0.0,11.69078162771958,7.801498791297341,15.385850120870266,34990.1,4.902983257229832,60585.8,80.60153102336825,1013.9606392694063,False,0,0,0,0,0,0,0,1,0,0,0,0,0,0,0,0,0,0,0,1,0,0,1,0,0,0,1,0,0,0,0,0,1,0,0,0,0,0,1,injury
2023,3,50.0,False,52.072265,5.094453,383.842,532.0,374238.0,3991.0,0.0,11.69078162771958,7.801498791297341,15.385850120870266,34990.1,4.902983257229832,60585.8,80.60153102336825,1013.9606392694063,False,0,0,0,0,0,0,0,0,0,1,0,0,0,0,0,0,0,1,0,0,0,0,1,0,0,0,1,0,0,0,0,0,1,0,0,0,0,0,1,material damage only
2023,2,30.0,False,52.149014,5.383722,210.242,139.0,161852.0,2590.0,0.0,11.69078162771958,7.801498791297341,15.385850120870266,34990.1,4.902983257229832,60585.8,80.60153102336825,1013.9606392694063,False,0,0,0,0,0,0,0,0,0,1,0,0,0,0,0,1,0,0,0,0,0,0,1,0,0,0,0,1,0,0,0,1,0,0,0,0,1,0,0,material damage only
2023,2,30.0,False,52.256625,6.180311,456.34,194.0,103405.0,792.0,0.0,11.69078162771958,7.801498791297341,15.385850120870266,34990.1,4.902983257229832,60585.8,80.60153102336825,1013.9606392694063,False,0,0,0,0,0,0,0,0,1,0,0,0,0,0,1,0,0,0,0,0,0,0,1,0,0,0,1,0,0,0,0,1,0,0,0,0,0,0,1,material damage only
2023,4,30.0,False,51.953458,5.764091,215.072,22.0,48919.0,449.0,0.0,11.69078162771958,7.801498791297341,15.385850120870266,34990.1,4.902983257229832,60585.8,80.60153102336825,1013.9606392694063,False,0,0,0,1,0,0,0,0,0,0,0,0,0,0,0,1,0,0,0,0,0,0,1,0,0,0,1,0,0,0,0,0,1,0,0,0,0,1,0,material damage only
2023,2,50.0,False,52.186988,5.605695,372.075,61.0,62592.0,356.0,0.0,11.69078162771958,7.801498791297341,15.385850120870266,34990.1,4.902983257229832,60585.8,80.60153102336825,1013.9606392694063,False,0,0,0,1,0,0,0,0,0,0,0,0,0,0,1,0,0,0,0,0,0,0,1,0,0,0,1,0,0,0,1,0,0,0,0,0,0,0,1,material damage only
2023,2,50.0,False,52.22024,6.866234,322.351,131.0,161738.0,1149.0,0.0,11.69078162771958,7.801498791297341,15.385850120870266,34990.1,4.902983257229832,60585.8,80.60153102336825,1013.9606392694063,False,0,0,0,0,0,0,0,0,1,0,0,0,0,0,1,0,0,0,0,0,0,0,1,0,0,0,1,0,0,0,1,0,0,0,0,0,0,0,1,material damage only
2023,2,30.0,False,52.162084,5.400668,210.242,139.0,161852.0,2590.0,0.0,11.69078162771958,7.801498791297341,15.385850120870266,34990.1,4.902983257229832,60585.8,80.60153102336825,1013.9606392694063,False,0,0,0,0,0,0,0,0,0,1,0,0,0,0,1,0,0,0,0,0,0,0,1,0,0,0,1,0,0,0,0,1,0,0,0,0,0,0,1,material damage only
2023,2,30.0,False,52.267239,4.756647,140.406,6.0,33279.0,1656.0,0.0,11.69078162771958,7.801498791297341,15.385850120870266,34990.1,4.902983257229832,60585.8,80.60153102336825,1013.9606392694063,False,0,0,0,0,0,0,0,1,0,0,0,0,0,0,0,0,0,1,0,0,0,0,0,0,1,0,1,0,0,0,0,0,1,0,0,0,0,1,0,injury
2023,2,50.0,False,51.693979,5.97308,117.7,30.0,17789.0,374.0,0.0,11.69078162771958,7.801498791297341,15.385850120870266,34990.1,4.902983257229832,60585.8,80.60153102336825,1013.9606392694063,False,0,0,0,0,0,1,0,0,0,0,0,0,0,0,1,0,0,0,0,0,0,0,1,0,0,0,0,1,0,0,0,0,0,0,1,0,1,0,0,injury
2023,3,50.0,False,52.227779,5.985586,670.883,172.0,168211.0,495.0,0.0,11.69078162771958,7.801498791297341,15.385850120870266,34990.1,4.902983257229832,60585.8,80.60153102336825,1013.9606392694063,False,0,0,0,1,0,0,0,0,0,0,0,0,0,0,1,0,0,0,0,0,0,0,1,0,0,0,0,1,0,0,0,1,0,0,0,0,1,0,0,injury
2023,2,60.0,False,53.138163,6.824879,200.625,22.0,61433.0,221.0,0.0,11.69078162771958,7.801498791297341,15.385850120870266,34990.1,4.902983257229832,60585.8,80.60153102336825,1013.9606392694063,False,0,0,0,0,1,0,0,0,0,0,0,0,0,0,1,0,0,0,0,0,0,0,1,0,0,0,1,0,0,0,0,1,0,0,0,0,0,0,1,injury
2023,2,30.0,False,52.223471,5.468852,286.821,18.0,45361.0,654.0,0.0,11.69078162771958,7.801498791297341,15.385850120870266,34990.1,4.902983257229832,60585.8,80.60153102336825,1013.9606392694063,False,0,0,0,1,0,0,0,0,0,0,0,0,0,0,1,0,0,0,0,0,0,0,1,0,0,0,1,0,0,0,0,0,1,0,0,0,0,0,1,material damage only
2023,2,30.0,False,52.225821,5.197922,455.686,62.0,94435.0,2070.0,0.0,11.69078162771958,7.801498791297341,15.385850120870266,34990.1,4.902983257229832,60585.8,80.60153102336825,1013.9606392694063,False,0,0,0,0,0,0,0,1,0,0,0,0,0,0,1,0,0,0,0,0,0,0,1,0,0,0,1,0,0,0,0,1,0,0,0,0,0,0,1,material damage only
2023,1,50.0,False,52.378785,4.896177,1254.468,2166.0,931298.0,4950.0,0.0,11.69078162771958,7.801498791297341,15.385850120870266,34990.1,4.902983257229832,60585.8,80.60153102336825,1013.9606392694063,False,0,0,0,0,0,0,0,1,0,0,0,0,0,1,0,0,0,0,0,0,0,0,1,0,0,0,0,1,0,0,0,0,1,0,0,0,1,0,0,material damage only
2023,1,50.0,False,52.143036,4.487386,139.091,103.0,130108.0,5954.0,0.0,11.69078162771958,7.801498791297341,15.385850120870266,34990.1,4.902983257229832,60585.8,80.60153102336825,1013.9606392694063,False,0,0,0,0,0,0,0,0,0,0,0,1,0,1,0,0,0,0,0,0,0,0,1,0,0,0,1,0,0,0,0,0,1,0,0,0,0,0,1,injury
2023,2,80.0,False,52.002937,5.539983,112.251,34.0,20235.0,482.0,0.0,11.69078162771958,7.801498791297341,15.385850120870266,34990.1,4.902983257229832,60585.8,80.60153102336825,1013.9606392694063,False,0,0,0,0,0,0,0,0,0,1,0,0,0,0,1,0,0,0,0,0,0,0,1,0,0,0,1,0,0,0,1,0,0,0,0,0,0,0,1,material damage only
2023,3,60.0,False,51.954011,6.034897,97.554,5.0,24872.0,734.0,0.0,11.69078162771958,7.801498791297341,15.385850120870266,34990.1,4.902983257229832,60585.8,80.60153102336825,1013.9606392694063,False,0,0,0,1,0,0,0,0,0,0,0,0,0,0,0,0,0,0,1,0,0,0,1,0,0,0,1,0,0,0,0,0,1,0,0,0,0,0,1,injury
2023,1,50.0,False,52.408045,4.841021,1254.468,2166.0,931298.0,4950.0,0.0,11.69078162771958,7.801498791297341,15.385850120870266,34990.1,4.902983257229832,60585.8,80.60153102336825,1013.9606392694063,False,0,0,0,0,0,0,0,1,0,0,0,0,0,1,0,0,0,0,0,0,0,0,1,0,0,0,0,1,0,0,0,0,1,0,0,0,1,0,0,injury
2023,2,50.0,False,52.286984,6.824582,0.0,0.0,0.0,0.0,0.0,11.69078162771958,7.801498791297341,15.385850120870266,34990.1,4.902983257229832,60585.8,80.60153102336825,1013.9606392694063,False,0,0,0,0,0,0,0,0,1,0,0,0,0,0,0,0,0,0,0,1,0,0,1,0,0,0,1,0,0,0,1,0,0,0,0,0,0,0,1,material damage only
2023,2,30.0,False,52.093609,5.065517,383.842,532.0,374238.0,3991.0,0.0,11.69078162771958,7.801498791297341,15.385850120870266,34990.1,4.902983257229832,60585.8,80.60153102336825,1013.9606392694063,False,0,0,0,0,0,0,0,0,0,1,0,0,0,0,1,0,0,0,0,0,0,0,0,0,1,0,1,0,0,0,0,1,0,0,0,0,0,0,1,material damage only
2023,2,30.0,False,52.372713,4.877923,1254.468,2166.0,931298.0,4950.0,0.0,11.69078162771958,7.801498791297341,15.385850120870266,34990.1,4.902983257229832,60585.8,80.60153102336825,1013.9606392694063,False,0,0,0,0,0,0,0,1,0,0,0,0,0,0,1,0,0,0,0,0,0,0,1,0,0,0,0,1,0,0,0,0,1,0,0,0,1,0,0,material damage only
2024,2,50.0,False,52.307976,4.675446,656.629,480.0,163128.0,827.0,0.0,11.734972677595628,7.98906300225008,15.34095949855352,32605.3,4.629253254167618,55154.1,82.14263902282224,1014.3126766985865,False,0,0,0,0,0,0,0,1,0,0,0,0,0,0,0,1,0,0,0,0,0,0,1,0,0,0,1,0,0,0,1,0,0,0,0,0,0,0,1,material damage only
2023,2,50.0,False,51.922271,5.722757,215.072,22.0,48919.0,449.0,0.0,11.69078162771958,7.801498791297341,15.385850120870266,34990.1,4.902983257229832,60585.8,80.60153102336825,1013.9606392694063,False,0,0,0,1,0,0,0,0,0,0,0,0,0,0,0,0,0,0,0,1,0,0,1,0,0,0,1,0,0,0,1,0,0,0,0,0,0,0,1,material damage only
2023,2,50.0,False,52.646639,4.771265,167.479,24.0,112304.0,1018.0,0.0,11.69078162771958,7.801498791297341,15.385850120870266,34990.1,4.902983257229832,60585.8,80.60153102336825,1013.9606392694063,False,0,0,0,0,0,0,0,1,0,0,0,0,0,0,1,0,0,0,0,0,0,0,1,0,0,0,1,0,0,0,0,0,1,0,0,0,0,0,1,injury
2023,1,30.0,False,52.167895,4.504092,139.091,103.0,130108.0,5954.0,0.0,11.69078162771958,7.801498791297341,15.385850120870266,34990.1,4.902983257229832,60585.8,80.60153102336825,1013.9606392694063,False,0,0,0,0,0,0,0,0,0,0,0,1,0,1,0,0,0,0,0,0,0,0,1,0,0,0,1,0,0,0,0,0,1,0,0,0,0,0,1,injury
2023,1,30.0,False,52.143903,4.405526,71.52,20.0,27100.0,530.0,0.0,11.69078162771958,7.801498791297341,15.385850120870266,34990.1,4.902983257229832,60585.8,80.60153102336825,1013.9606392694063,False,0,0,0,0,0,0,0,0,0,0,0,1,0,1,0,0,0,0,0,0,0,0,1,0,0,0,1,0,0,0,0,1,0,0,0,0,0,1,0,injury
2023,2,50.0,False,52.055212,4.346785,487.675,651.0,566221.0,6868.0,0.0,11.69078162771958,7.801498791297341,15.385850120870266,34990.1,4.902983257229832,60585.8,80.60153102336825,1013.9606392694063,False,0,0,0,0,0,0,0,0,0,0,0,1,0,0,0,1,0,0,0,0,0,0,1,0,0,0,1,0,0,0,0,0,1,0,0,0,0,0,1,injury
2023,2,30.0,False,52.150358,6.216785,126.339,130.0,48752.0,1191.0,0.0,11.69078162771958,7.801498791297341,15.385850120870266,34990.1,4.902983257229832,60585.8,80.60153102336825,1013.9606392694063,False,0,0,0,1,0,0,0,0,0,0,0,0,0,0,1,0,0,0,0,0,0,0,1,0,0,0,1,0,0,0,0,1,0,0,0,0,0,0,1,injury
2023,1,50.0,False,51.995229,5.955724,83.274,21.0,43661.0,534.0,0.0,11.69078162771958,7.801498791297341,15.385850120870266,34990.1,4.902983257229832,60585.8,80.60153102336825,1013.9606392694063,False,0,0,0,1,0,0,0,0,0,0,0,0,0,0,0,0,0,0,0,1,0,0,1,0,0,0,1,0,0,0,0,0,1,0,0,0,0,1,0,material damage only
2024,2,60.0,False,52.131716,6.424815,280.116,4.0,34289.0,161.0,0.0,11.734972677595628,7.98906300225008,15.34095949855352,32605.3,4.629253254167618,55154.1,82.14263902282224,1014.3126766985865,False,0,0,0,1,0,0,0,0,0,0,0,0,0,0,1,0,0,0,0,0,0,0,1,0,0,0,1,0,0,0,0,1,0,0,0,0,0,1,0,injury
2024,2,50.0,True,51.983536,5.940082,335.747,67.0,167632.0,1715.0,0.0,11.734972677595628,7.98906300225008,15.34095949855352,32605.3,4.629253254167618,55154.1,82.14263902282224,1014.3126766985865,False,0,0,0,1,0,0,0,0,0,0,0,0,0,0,0,1,0,0,0,0,0,0,1,0,0,0,1,0,0,0,0,1,0,0,0,0,0,0,1,injury
2024,2,30.0,False,52.353331,4.780907,1254.468,2166.0,931298.0,4950.0,0.0,11.734972677595628,7.98906300225008,15.34095949855352,32605.3,4.629253254167618,55154.1,82.14263902282224,1014.3126766985865,False,0,0,0,0,0,0,0,1,0,0,0,0,0,0,1,0,0,0,0,0,0,0,1,0,0,0,1,0,0,0,0,1,0,0,0,0,0,0,1,injury
2024,2,50.0,False,52.936254,4.75643,125.843,60.0,56432.0,1251.0,235.0,11.878688524590165,8.85655737704918,14.658196721311475,995.9,5.372677595628415,1874.2,81.14207650273224,1013.6224043715847,True,0,0,0,0,0,0,0,1,0,0,0,0,0,0,1,0,0,0,0,0,0,0,1,0,0,0,1,0,0,0,0,1,0,0,0,0,0,0,1,injury
2024,2,50.0,False,51.920394,4.491347,1465.201,1076.0,670610.0,3070.0,0.0,11.734972677595628,7.98906300225008,15.34095949855352,32605.3,4.629253254167618,55154.1,82.14263902282224,1014.3126766985865,False,0,0,0,0,0,0,0,0,0,0,0,1,0,0,1,0,0,0,0,0,0,0,1,0,0,0,1,0,0,1,0,0,0,0,0,0,0,0,1,injury
2024,3,50.0,False,52.364424,6.655073,251.802,48.0,74317.0,1106.0,0.0,11.734972677595628,7.98906300225008,15.34095949855352,32605.3,4.629253254167618,55154.1,82.14263902282224,1014.3126766985865,False,0,0,0,0,0,0,0,0,1,0,0,0,0,0,0,0,0,0,0,1,0,0,1,0,0,0,1,0,0,0,0,0,1,0,0,0,0,0,1,injury
2024,1,30.0,False,53.216388,6.557524,403.704,240.0,243768.0,1314.0,0.0,11.734972677595628,7.98906300225008,15.34095949855352,32605.3,4.629253254167618,55154.1,82.14263902282224,1014.3126766985865,False,0,0,0,0,1,0,0,0,0,0,0,0,0,0,0,0,0,0,0,0,0,1,1,0,0,0,0,1,0,0,0,1,0,0,0,0,1,0,0,injury
2024,2,50.0,False,52.521143,4.701059,21.351,7.0,13400.0,700.0,0.0,11.734972677595628,7.98906300225008,15.34095949855352,32605.3,4.629253254167618,55154.1,82.14263902282224,1014.3126766985865,False,0,0,0,0,0,0,0,1,0,0,0,0,0,0,0,0,0,0,0,1,0,0,1,0,0,0,1,0,0,0,0,0,1,0,0,0,0,0,1,injury
2024,2,30.0,False,51.849371,4.973712,73.781,19.0,38671.0,2066.0,0.0,11.734972677595628,7.98906300225008,15.34095949855352,32605.3,4.629253254167618,55154.1,82.14263902282224,1014.3126766985865,False,0,0,0,0,0,0,0,0,0,0,0,1,0,0,0,1,0,0,0,0,0,0,1,0,0,0,1,0,0,0,0,1,0,0,0,0,0,0,1,injury
2024,2,50.0,False,52.77687,6.940301,773.499,82.0,109346.0,326.0,0.0,11.734972677595628,7.98906300225008,15.34095949855352,32605.3,4.629253254167618,55154.1,82.14263902282224,1014.3126766985865,False,1,0,0,0,0,0,0,0,0,0,0,0,0,0,1,0,0,0,0,0,0,0,1,0,0,0,1,0,0,0,0,0,1,0,0,0,0,0,1,material damage only
2024,2,50.0,False,52.332163,4.923886,98.453,22.0,14447.0,603.0,0.0,11.734972677595628,7.98906300225008,15.34095949855352,32605.3,4.629253254167618,55154.1,82.14263902282224,1014.3126766985865,False,0,0,0,0,0,0,0,1,0,0,0,0,0,0,0,1,0,0,0,0,0,0,1,0,0,0,1,0,0,0,0,0,1,0,0,0,0,0,1,injury
2024,2,50.0,False,52.046104,4.288139,487.675,651.0,566221.0,6868.0,0.0,11.734972677595628,7.98906300225008,15.34095949855352,32605.3,4.629253254167618,55154.1,82.14263902282224,1014.3126766985865,False,0,0,0,0,0,0,0,0,0,0,0,1,0,0,1,0,0,0,0,0,0,0,1,0,0,0,0,1,0,0,0,0,1,0,0,0,1,0,0,injury
2024,2,60.0,False,52.898308,6.489335,329.226,30.0,34092.0,100.0,0.0,11.734972677595628,7.98906300225008,15.34095949855352,32605.3,4.629253254167618,55154.1,82.14263902282224,1014.3126766985865,False,1,0,0,0,0,0,0,0,0,0,0,0,0,0,1,0,0,0,0,0,0,0,1,0,0,0,1,0,0,0,0,0,1,0,0,0,0,1,0,injury